source_id,date,frp,normal_frp,ratio,industry_name,region
singrauli_24.1905_82.5788,2025-05-30,61.19,0.96,63.74,Block - B coal mine,singrauli
punjab_30.9394_75.3117,2025-04-25,213.23,6.83,31.22,Grandfather Food Processing,punjab
korba_21.9035_82.5092,2025-12-25,110.54,4.65,23.77,,korba
korba_22.0717_83.3490,2025-03-14,12.45,0.55,22.64,,korba
singrauli_24.1699_82.7405,2025-04-06,16.44,0.78,21.08,Bina Mine,singrauli
korba_22.1845_82.6161,2025-04-25,79.01,4.56,17.31,Lanco Amarkantak,korba
korba_21.6708_82.5032,2025-03-01,107.71,6.38,16.88,,korba
jamnagar_22.3306_69.7450,2025-04-21,26.2,1.64,15.98,Vadinar Refinery,jamnagar
korba_22.0356_83.3564,2025-03-27,26.15,1.68,15.57,,korba
korba_21.9713_83.2005,2025-12-11,8.89,0.59,15.07,RAIGARH TPP,korba
korba_22.0084_83.3286,2025-02-08,8.47,0.57,14.86,,korba
singrauli_24.1905_82.5788,2025-05-19,14.21,0.96,14.8,Block - B coal mine,singrauli
korba_21.6377_82.6904,2025-01-09,93.89,6.37,14.74,,korba
punjab_30.2607_75.9083,2025-11-01,80.27,5.94,13.51,,punjab
korba_21.7782_82.5451,2025-12-28,62.05,5.01,12.39,,korba
korba_21.6253_83.0235,2025-02-09,55.48,4.48,12.38,,korba
korba_21.9277_83.0209,2025-12-27,63.3,5.14,12.3,Uchpinda Power Station,korba
korba_21.9216_83.0821,2025-01-27,38.43,3.18,12.1,Athena Chhattisgarh power station,korba
punjab_30.4346_76.3017,2025-05-15,41.36,3.45,11.99,,punjab
korba_21.8881_82.4080,2025-12-28,58.18,4.88,11.93,AKALTARA TPP,korba
korba_21.9035_82.5092,2025-06-05,54.87,4.65,11.8,,korba
jamnagar_22.3306_69.7450,2025-04-19,19.1,1.64,11.65,Vadinar Refinery,jamnagar
singrauli_24.1390_82.7038,2025-12-08,11.72,1.08,10.8,Khadia Mine,singrauli
singrauli_24.1590_82.6717,2025-05-19,13.5,1.26,10.71,Dudhichua Mine,singrauli
korba_22.0025_82.4714,2025-12-11,39.93,3.85,10.37,,korba
singrauli_24.1505_82.5672,2025-04-28,21.96,2.12,10.36,Block - B coal mine,singrauli
korba_22.0939_83.1194,2025-04-21,14.71,1.43,10.29,Chhal Coal Mine,korba
korba_22.3570_82.3006,2025-01-05,21.62,2.11,10.25,,korba
korba_22.0048_82.6706,2025-01-04,18.94,1.85,10.24,Prakash Industries Steel Plant,korba
korba_22.0188_83.3386,2025-03-07,10.06,0.99,10.16,,korba
korba_22.0084_83.3286,2025-03-06,5.7,0.57,10.0,,korba
korba_21.6297_83.2823,2025-12-25,39.05,3.93,9.94,,korba
jamnagar_22.3306_69.7450,2025-02-04,16.09,1.64,9.81,Vadinar Refinery,jamnagar
korba_22.3323_82.5337,2025-05-11,8.97,0.92,9.7,Dipka Open Cast Mine,korba
singrauli_24.1825_82.6579,2025-05-18,10.93,1.14,9.59,Jayant Mine,singrauli
singrauli_24.1825_82.6579,2025-05-19,10.86,1.14,9.53,Jayant Mine,singrauli
korba_21.8652_82.3610,2025-12-31,43.04,4.52,9.52,AKALTARA TPP,korba
korba_22.3225_82.6744,2025-01-19,8.09,0.85,9.52,Kusmunda Open Cast Mine,korba
korba_22.3323_82.5337,2025-05-12,8.68,0.92,9.38,Dipka Open Cast Mine,korba
korba_22.3312_82.6625,2025-05-10,7.87,0.84,9.37,Kusmunda Open Cast Mine,korba
singrauli_24.1390_82.7038,2025-12-29,10.16,1.08,9.36,Khadia Mine,singrauli
singrauli_24.1825_82.6579,2025-05-15,10.58,1.14,9.28,Jayant Mine,singrauli
jamnagar_22.3306_69.7450,2025-03-23,15.0,1.64,9.15,Vadinar Refinery,jamnagar
korba_21.7905_82.2335,2025-05-16,5.39,0.59,9.14,,korba
korba_21.6377_82.6904,2025-02-03,57.54,6.37,9.03,,korba
singrauli_24.1505_82.5672,2025-04-24,18.92,2.12,8.92,Block - B coal mine,singrauli
korba_21.8925_82.7421,2025-12-21,49.79,5.59,8.91,Prakash Industries Steel Plant,korba
singrauli_24.1641_82.6218,2025-03-27,12.58,1.42,8.86,Nigahi Mine,singrauli
singrauli_24.1825_82.6579,2025-05-16,10.03,1.14,8.8,Jayant Mine,singrauli
korba_22.0236_83.3065,2025-03-16,5.42,0.62,8.74,,korba
korba_21.9844_83.2332,2025-12-18,14.19,1.63,8.71,RAIGARH TPP,korba
korba_22.3570_82.3006,2025-02-19,18.32,2.11,8.68,,korba
singrauli_24.2066_82.7111,2025-02-11,11.55,1.33,8.68,Jhingurdah Mine,singrauli
korba_21.9756_82.5023,2025-12-25,30.73,3.62,8.49,,korba
singrauli_24.1505_82.5672,2025-04-23,17.97,2.12,8.48,Block - B coal mine,singrauli
korba_22.3570_82.3006,2025-01-04,17.74,2.11,8.41,,korba
korba_22.3570_82.3006,2025-01-07,17.62,2.11,8.35,,korba
korba_22.0939_83.1194,2025-04-20,11.86,1.43,8.29,Chhal Coal Mine,korba
singrauli_24.1445_82.6350,2025-05-19,11.25,1.37,8.24,Nigahi Mine,singrauli
korba_21.9122_82.6908,2025-12-18,29.56,3.61,8.19,Prakash Industries Steel Plant,korba
singrauli_24.1354_82.7423,2025-04-23,9.13,1.13,8.08,Krishnashila Coal Mine,singrauli
korba_21.6514_82.8628,2025-03-03,29.36,3.68,7.98,,korba
korba_22.3173_82.5347,2025-12-08,12.22,1.54,7.94,Dipka Open Cast Mine,korba
korba_22.3570_82.3006,2025-02-17,16.72,2.11,7.92,,korba
korba_21.6456_82.5950,2025-03-15,49.37,6.3,7.84,,korba
singrauli_24.1825_82.6579,2025-06-15,8.92,1.14,7.82,Jayant Mine,singrauli
singrauli_24.1590_82.6717,2025-06-04,9.81,1.26,7.79,Dudhichua Mine,singrauli
singrauli_24.1505_82.5672,2025-04-08,16.49,2.12,7.78,Block - B coal mine,singrauli
singrauli_24.1354_82.7423,2025-06-12,8.78,1.13,7.77,Krishnashila Coal Mine,singrauli
korba_21.7549_82.7770,2025-12-21,41.8,5.39,7.76,,korba
korba_21.9844_83.2332,2025-05-07,12.6,1.63,7.73,RAIGARH TPP,korba
singrauli_24.1390_82.7038,2025-12-03,8.33,1.08,7.68,Khadia Mine,singrauli
korba_22.3323_82.5337,2025-05-10,7.1,0.92,7.68,Dipka Open Cast Mine,korba
korba_22.3570_82.3006,2025-02-14,16.15,2.11,7.65,,korba
korba_21.6704_82.5822,2025-01-16,48.98,6.42,7.63,,korba
korba_22.3570_82.3006,2025-01-10,16.08,2.11,7.62,,korba
singrauli_24.1825_82.6579,2025-05-10,8.67,1.14,7.61,Jayant Mine,singrauli
korba_22.3289_82.5940,2025-12-28,13.32,1.76,7.57,Gevra Open Cast Mine,korba
korba_22.0939_83.1194,2025-04-16,10.81,1.43,7.56,Chhal Coal Mine,korba
korba_21.8925_82.7421,2025-12-18,42.24,5.59,7.56,Prakash Industries Steel Plant,korba
singrauli_24.1788_82.5590,2025-05-19,10.15,1.35,7.55,Block - B coal mine,singrauli
korba_22.3570_82.3006,2025-11-25,15.82,2.11,7.5,,korba
korba_21.6761_83.0119,2025-01-28,49.86,6.68,7.46,,korba
korba_21.9254_82.3691,2025-12-31,36.26,4.87,7.45,AKALTARA TPP,korba
korba_22.3364_82.5534,2025-05-30,5.2,0.7,7.43,Gevra Open Cast Mine,korba
punjab_30.7631_75.3168,2025-05-16,48.71,6.58,7.4,Grandfather Food Processing,punjab
korba_22.3289_82.5940,2025-04-26,13.02,1.76,7.4,Gevra Open Cast Mine,korba
korba_21.8869_83.2194,2025-12-30,32.33,4.4,7.35,Baradarha Power Station,korba
korba_21.6707_82.3327,2025-03-26,44.73,6.1,7.33,,korba
korba_21.8277_82.9403,2025-12-30,25.14,3.43,7.33,,korba
punjab_30.4251_75.9966,2025-05-12,40.54,5.54,7.31,,punjab
singrauli_24.1641_82.6218,2025-01-18,10.38,1.42,7.31,Nigahi Mine,singrauli
korba_22.3364_82.5534,2025-04-26,5.11,0.7,7.3,Gevra Open Cast Mine,korba
singrauli_24.1641_82.6218,2025-01-25,10.34,1.42,7.28,Nigahi Mine,singrauli
korba_22.3570_82.3006,2025-11-26,15.33,2.11,7.27,,korba
korba_22.0126_82.8510,2025-01-20,29.34,4.06,7.22,,korba
korba_21.6769_82.9309,2025-01-20,34.52,4.79,7.21,,korba
singrauli_24.1590_82.6717,2025-05-27,9.08,1.26,7.21,Dudhichua Mine,singrauli
singrauli_24.1825_82.6579,2025-05-13,8.2,1.14,7.19,Jayant Mine,singrauli
punjab_30.2607_75.9083,2025-05-12,42.59,5.94,7.17,,punjab
singrauli_24.1445_82.6350,2025-05-10,9.7,1.37,7.11,Nigahi Mine,singrauli
korba_22.3323_82.5337,2025-05-14,6.58,0.92,7.11,Dipka Open Cast Mine,korba
singrauli_24.1641_82.6218,2025-01-30,10.09,1.42,7.11,Nigahi Mine,singrauli
korba_22.0484_82.6914,2025-01-07,36.72,5.17,7.1,Prakash Industries Steel Plant,korba
korba_22.3570_82.3006,2025-11-28,14.98,2.11,7.1,,korba
punjab_30.3423_75.8687,2025-04-25,35.23,4.96,7.1,Dhuri Sugar Mill,punjab
singrauli_24.1590_82.6717,2025-03-04,8.93,1.26,7.09,Dudhichua Mine,singrauli
singrauli_24.1641_82.6218,2025-01-21,10.03,1.42,7.06,Nigahi Mine,singrauli
singrauli_24.1505_82.5672,2025-04-27,14.93,2.12,7.04,Block - B coal mine,singrauli
jamnagar_22.3306_69.7450,2025-05-19,11.54,1.64,7.04,Vadinar Refinery,jamnagar
punjab_30.3874_75.6225,2025-11-04,50.58,7.21,7.02,,punjab
singrauli_24.1354_82.7423,2025-04-17,7.91,1.13,7.0,Krishnashila Coal Mine,singrauli
korba_22.0356_83.3564,2025-03-30,11.73,1.68,6.98,,korba
singrauli_24.1505_82.5672,2025-04-05,14.75,2.12,6.96,Block - B coal mine,singrauli
singrauli_24.1505_82.5672,2025-04-25,14.7,2.12,6.93,Block - B coal mine,singrauli
jamnagar_22.3364_69.8674,2025-05-01,16.78,2.43,6.91,Reliance Refinery,jamnagar
singrauli_24.1825_82.6579,2025-05-17,7.85,1.14,6.89,Jayant Mine,singrauli
singrauli_24.1788_82.5590,2025-10-12,9.23,1.35,6.86,Block - B coal mine,singrauli
singrauli_24.1302_82.6199,2025-03-29,8.05,1.18,6.82,Nigahi Mine,singrauli
punjab_30.7328_75.7330,2025-05-19,30.42,4.5,6.76,,punjab
singrauli_24.1505_82.5672,2025-05-19,14.23,2.12,6.71,Block - B coal mine,singrauli
korba_22.3173_82.5347,2025-03-30,10.3,1.54,6.69,Dipka Open Cast Mine,korba
korba_22.3289_82.5940,2025-05-10,11.76,1.76,6.68,Gevra Open Cast Mine,korba
korba_22.3225_82.6744,2025-02-08,5.66,0.85,6.66,Kusmunda Open Cast Mine,korba
singrauli_24.1445_82.6350,2025-05-13,9.03,1.37,6.62,Nigahi Mine,singrauli
jamnagar_22.3364_69.8674,2025-05-02,16.0,2.43,6.58,Reliance Refinery,jamnagar
singrauli_24.1641_82.6218,2025-01-14,9.28,1.42,6.54,Nigahi Mine,singrauli
korba_21.6253_83.0235,2025-12-29,29.32,4.48,6.54,,korba
korba_22.3570_82.3006,2025-01-03,13.8,2.11,6.54,,korba
korba_21.6722_82.7577,2025-12-29,30.81,4.72,6.53,,korba
korba_22.3289_82.5940,2025-05-19,11.5,1.76,6.53,Gevra Open Cast Mine,korba
punjab_30.4964_75.3407,2025-05-16,44.99,6.9,6.52,,punjab
singrauli_24.1505_82.5672,2025-04-20,13.81,2.12,6.51,Block - B coal mine,singrauli
singrauli_24.1445_82.6350,2025-05-18,8.88,1.37,6.51,Nigahi Mine,singrauli
singrauli_24.1445_82.6350,2025-05-16,8.85,1.37,6.48,Nigahi Mine,singrauli
korba_22.3570_82.3006,2025-01-12,13.57,2.11,6.43,,korba
korba_21.9035_82.5092,2025-12-29,29.86,4.65,6.42,,korba
singrauli_24.1641_82.6218,2025-01-26,9.08,1.42,6.39,Nigahi Mine,singrauli
singrauli_24.1428_82.6776,2025-06-13,6.51,1.02,6.38,Dudhichua Mine,singrauli
korba_22.1121_82.3632,2025-01-07,28.25,4.43,6.37,SIPAT STPS,korba
korba_22.3570_82.3006,2025-03-26,13.42,2.11,6.36,,korba
korba_21.6603_83.3688,2025-12-20,31.4,4.96,6.34,,korba
korba_22.3289_82.5940,2025-02-15,11.11,1.76,6.31,Gevra Open Cast Mine,korba
singrauli_24.1390_82.7038,2025-12-04,6.84,1.08,6.3,Khadia Mine,singrauli
singrauli_24.1505_82.5672,2025-05-17,13.34,2.12,6.29,Block - B coal mine,singrauli
korba_22.3570_82.3006,2025-01-02,13.25,2.11,6.28,,korba
korba_22.3570_82.3006,2025-01-15,13.22,2.11,6.27,,korba
korba_21.8784_82.6595,2025-12-24,29.32,4.68,6.26,Prakash Industries Steel Plant,korba
korba_21.7584_82.7010,2025-12-28,37.18,5.94,6.26,,korba
singrauli_24.1390_82.7038,2025-12-09,6.77,1.08,6.24,Khadia Mine,singrauli
korba_21.9035_82.5092,2025-12-24,28.97,4.65,6.23,,korba
korba_22.0048_82.6706,2025-01-11,11.48,1.85,6.21,Prakash Industries Steel Plant,korba
korba_22.0356_83.3564,2025-04-22,10.43,1.68,6.21,,korba
korba_22.3570_82.3006,2025-02-15,13.05,2.11,6.18,,korba
singrauli_24.1390_82.7038,2025-04-27,6.69,1.08,6.17,Khadia Mine,singrauli
korba_21.8489_82.2738,2025-01-05,31.49,5.16,6.1,,korba
singrauli_24.1590_82.6717,2025-06-11,7.69,1.26,6.1,Dudhichua Mine,singrauli
punjab_30.4964_75.3407,2025-05-14,41.99,6.9,6.09,,punjab
korba_22.3570_82.3006,2025-03-25,12.83,2.11,6.08,,korba
korba_21.8717_82.2532,2025-01-10,30.28,5.01,6.04,,korba
korba_22.3570_82.3006,2025-01-13,12.68,2.11,6.01,,korba
korba_22.3570_82.3006,2025-02-16,12.65,2.11,6.0,,korba
singrauli_24.1641_82.6218,2025-03-31,8.5,1.42,5.99,Nigahi Mine,singrauli
korba_22.3570_82.3006,2025-11-27,12.63,2.11,5.99,,korba
singrauli_24.1590_82.6717,2025-03-03,7.54,1.26,5.98,Dudhichua Mine,singrauli
singrauli_24.1641_82.6218,2025-01-23,8.48,1.42,5.97,Nigahi Mine,singrauli
punjab_30.4361_75.8816,2025-05-18,29.42,4.94,5.96,,punjab
korba_22.3570_82.3006,2025-11-30,12.52,2.11,5.93,,korba
singrauli_24.1649_82.6862,2025-05-10,5.73,0.97,5.91,Dudhichua Mine,singrauli
korba_21.6707_82.3327,2025-01-08,35.99,6.1,5.9,,korba
korba_22.0939_83.1194,2025-04-17,8.44,1.43,5.9,Chhal Coal Mine,korba
singrauli_24.1505_82.5672,2025-04-22,12.49,2.12,5.89,Block - B coal mine,singrauli
singrauli_24.1354_82.7423,2025-06-13,6.63,1.13,5.87,Krishnashila Coal Mine,singrauli
singrauli_24.1590_82.6717,2025-03-02,7.38,1.26,5.86,Dudhichua Mine,singrauli
korba_22.3570_82.3006,2025-02-13,12.34,2.11,5.85,,korba
korba_22.3173_82.5347,2025-12-10,8.98,1.54,5.83,Dipka Open Cast Mine,korba
singrauli_24.1641_82.6218,2025-01-22,8.26,1.42,5.82,Nigahi Mine,singrauli
korba_22.3570_82.3006,2025-11-24,12.2,2.11,5.78,,korba
korba_22.1121_82.3632,2025-12-31,25.59,4.43,5.77,SIPAT STPS,korba
korba_22.3570_82.3006,2025-01-11,12.16,2.11,5.76,,korba
korba_22.0238_82.7689,2025-02-28,28.54,4.98,5.73,Prakash Industries Steel Plant,korba
korba_22.1665_82.5015,2025-12-29,25.71,4.51,5.7,,korba
korba_22.3570_82.3006,2025-03-06,12.01,2.11,5.69,,korba
korba_22.0048_82.6706,2025-01-13,10.52,1.85,5.69,Prakash Industries Steel Plant,korba
punjab_30.2607_75.9083,2025-05-11,33.82,5.94,5.69,,punjab
singrauli_24.1505_82.5672,2025-07-02,12.04,2.12,5.68,Block - B coal mine,singrauli
singrauli_24.1428_82.6776,2025-05-14,5.79,1.02,5.68,Dudhichua Mine,singrauli
korba_21.7584_82.7010,2025-12-30,33.64,5.94,5.67,,korba
korba_21.8784_82.6595,2025-12-25,26.5,4.68,5.66,Prakash Industries Steel Plant,korba
korba_21.8463_83.1742,2025-01-19,26.55,4.69,5.66,Baradarha Power Station,korba
singrauli_24.1641_82.6218,2025-01-08,8.02,1.42,5.65,Nigahi Mine,singrauli
korba_22.0451_82.8891,2025-12-12,22.94,4.06,5.65,,korba
korba_22.3570_82.3006,2025-01-08,11.89,2.11,5.64,,korba
korba_22.3173_82.5347,2025-03-27,8.69,1.54,5.64,Dipka Open Cast Mine,korba
korba_22.3173_82.5347,2025-06-21,8.62,1.54,5.6,Dipka Open Cast Mine,korba
singrauli_24.1505_82.5672,2025-04-17,11.87,2.12,5.6,Block - B coal mine,singrauli
korba_21.8784_82.6595,2025-12-17,26.21,4.68,5.6,Prakash Industries Steel Plant,korba
korba_22.0188_83.3386,2025-02-15,5.53,0.99,5.59,,korba
korba_21.8784_82.6595,2025-12-19,26.05,4.68,5.57,Prakash Industries Steel Plant,korba
singrauli_24.1590_82.6717,2025-03-01,7.0,1.26,5.56,Dudhichua Mine,singrauli
korba_21.7885_82.8002,2025-12-13,28.45,5.14,5.54,,korba
singrauli_24.1505_82.5672,2025-04-15,11.73,2.12,5.53,Block - B coal mine,singrauli
singrauli_24.1505_82.5672,2025-05-02,11.72,2.12,5.53,Block - B coal mine,singrauli
korba_22.3173_82.5347,2025-03-29,8.5,1.54,5.52,Dipka Open Cast Mine,korba
korba_22.3570_82.3006,2025-01-18,11.64,2.11,5.52,,korba
singrauli_24.1505_82.5672,2025-04-21,11.63,2.12,5.49,Block - B coal mine,singrauli
singrauli_24.1641_82.6218,2025-01-06,7.78,1.42,5.48,Nigahi Mine,singrauli
singrauli_24.1825_82.6579,2025-06-13,6.24,1.14,5.47,Jayant Mine,singrauli
korba_22.3289_82.5940,2025-12-29,9.61,1.76,5.46,Gevra Open Cast Mine,korba
korba_21.6904_82.7371,2025-12-30,34.86,6.41,5.44,,korba
singrauli_24.1699_82.7405,2025-04-01,4.23,0.78,5.42,Bina Mine,singrauli
korba_22.3570_82.3006,2025-11-29,11.37,2.11,5.39,,korba
korba_21.6241_82.3440,2025-01-16,34.42,6.4,5.38,,korba
singrauli_24.1825_82.6579,2025-04-14,6.1,1.14,5.35,Jayant Mine,singrauli
singrauli_24.1445_82.6350,2025-04-28,7.3,1.37,5.35,Nigahi Mine,singrauli
singrauli_24.1590_82.6717,2025-03-05,6.74,1.26,5.35,Dudhichua Mine,singrauli
korba_21.9221_83.3485,2025-04-23,15.84,2.97,5.33,Jindal Steel Works,korba
korba_22.0025_82.4714,2025-12-18,20.49,3.85,5.32,,korba
singrauli_24.1445_82.6350,2025-05-03,7.25,1.37,5.31,Nigahi Mine,singrauli
singrauli_24.1505_82.5672,2025-03-03,11.2,2.12,5.28,Block - B coal mine,singrauli
singrauli_24.2066_82.7111,2025-05-17,7.02,1.33,5.28,Jhingurdah Mine,singrauli
punjab_30.9394_75.3117,2025-05-10,35.94,6.83,5.26,Grandfather Food Processing,punjab
korba_21.7011_83.0093,2025-01-21,26.27,4.99,5.26,,korba
singrauli_24.1825_82.6579,2025-05-14,5.99,1.14,5.25,Jayant Mine,singrauli
korba_22.0814_82.6923,2025-01-19,24.05,4.6,5.23,,korba
korba_22.3289_82.5940,2025-05-14,9.19,1.76,5.22,Gevra Open Cast Mine,korba
singrauli_24.1505_82.5672,2025-04-16,11.06,2.12,5.22,Block - B coal mine,singrauli
singrauli_24.1505_82.5672,2025-04-19,11.06,2.12,5.22,Block - B coal mine,singrauli
korba_22.3173_82.5347,2025-05-19,8.04,1.54,5.22,Dipka Open Cast Mine,korba
singrauli_24.1445_82.6350,2025-05-11,7.13,1.37,5.22,Nigahi Mine,singrauli
singrauli_24.1590_82.6717,2025-06-13,6.56,1.26,5.21,Dudhichua Mine,singrauli
punjab_30.3423_75.8687,2025-05-10,25.88,4.96,5.21,Dhuri Sugar Mill,punjab
korba_21.9035_82.5092,2025-12-18,24.18,4.65,5.2,,korba
singrauli_24.2066_82.7111,2025-06-13,6.92,1.33,5.2,Jhingurdah Mine,singrauli
korba_22.3173_82.5347,2025-03-31,7.99,1.54,5.19,Dipka Open Cast Mine,korba
singrauli_24.1641_82.6218,2025-01-09,7.34,1.42,5.17,Nigahi Mine,singrauli
korba_21.9863_82.7428,2025-02-23,25.47,4.93,5.17,Prakash Industries Steel Plant,korba
jamnagar_22.3213_69.8813,2025-11-09,6.95,1.35,5.17,Reliance Refinery,jamnagar
korba_22.3570_82.3006,2025-01-14,10.88,2.11,5.16,,korba
korba_22.0048_82.6706,2025-05-13,9.55,1.85,5.16,Prakash Industries Steel Plant,korba
singrauli_24.1590_82.6717,2025-05-26,6.48,1.26,5.14,Dudhichua Mine,singrauli
singrauli_24.1649_82.6862,2025-05-06,4.99,0.97,5.14,Dudhichua Mine,singrauli
singrauli_24.1505_82.5672,2025-07-03,10.89,2.12,5.14,Block - B coal mine,singrauli
korba_22.3173_82.5347,2025-05-10,7.87,1.54,5.11,Dipka Open Cast Mine,korba
singrauli_24.1641_82.6218,2025-03-02,7.24,1.42,5.1,Nigahi Mine,singrauli
singrauli_24.1505_82.5672,2025-07-07,10.79,2.12,5.09,Block - B coal mine,singrauli
singrauli_24.1641_82.6218,2025-01-20,7.22,1.42,5.08,Nigahi Mine,singrauli
singrauli_24.1641_82.6218,2025-01-24,7.22,1.42,5.08,Nigahi Mine,singrauli
korba_22.0356_83.3564,2025-05-11,8.52,1.68,5.07,,korba
korba_22.3289_82.5940,2025-06-14,8.92,1.76,5.07,Gevra Open Cast Mine,korba
singrauli_24.1641_82.6218,2025-02-09,7.19,1.42,5.06,Nigahi Mine,singrauli
korba_21.6708_82.5032,2025-01-22,32.28,6.38,5.06,,korba
korba_21.9893_82.9707,2025-01-08,25.17,4.98,5.05,Vandana Trailor,korba
singrauli_24.1505_82.5672,2025-05-06,10.68,2.12,5.04,Block - B coal mine,singrauli
singrauli_24.1825_82.6579,2025-05-08,5.74,1.14,5.04,Jayant Mine,singrauli
korba_22.1448_82.5668,2025-12-29,24.3,4.82,5.04,Marwa Thermal Power Plant,korba
punjab_30.2765_75.9260,2025-10-27,34.58,6.89,5.02,Indian Acrylics Limited,punjab
korba_22.3173_82.5347,2025-03-28,7.72,1.54,5.01,Dipka Open Cast Mine,korba
korba_22.3570_82.3006,2025-11-08,10.54,2.11,5.0,,korba
korba_22.3570_82.3006,2025-02-26,10.55,2.11,5.0,,korba
korba_21.9524_82.5141,2025-06-04,18.87,3.78,5.0,,korba
punjab_30.4251_75.9966,2025-05-16,27.68,5.54,4.99,,punjab
singrauli_24.1445_82.6350,2025-05-14,6.81,1.37,4.99,Nigahi Mine,singrauli
korba_22.0356_83.3564,2025-06-08,8.38,1.68,4.99,,korba
singrauli_24.1505_82.5672,2025-05-18,10.56,2.12,4.98,Block - B coal mine,singrauli
korba_21.8140_82.7676,2025-12-18,26.63,5.35,4.98,,korba
korba_22.3289_82.5940,2025-04-24,8.76,1.76,4.98,Gevra Open Cast Mine,korba
singrauli_24.1825_82.6579,2025-06-08,5.67,1.14,4.97,Jayant Mine,singrauli
korba_21.9035_82.5092,2025-01-01,23.11,4.65,4.97,,korba
korba_21.7815_82.8293,2025-12-29,19.88,4.01,4.96,,korba
singrauli_24.1641_82.6218,2025-01-10,7.01,1.42,4.94,Nigahi Mine,singrauli
korba_22.0712_82.3781,2025-12-28,22.1,4.47,4.94,,korba
korba_21.9924_82.2510,2025-02-07,21.52,4.37,4.92,,korba
singrauli_24.1825_82.6579,2025-03-31,5.61,1.14,4.92,Jayant Mine,singrauli
singrauli_24.1905_82.5788,2025-05-16,4.72,0.96,4.92,Block - B coal mine,singrauli
singrauli_24.1505_82.5672,2025-06-13,10.42,2.12,4.92,Block - B coal mine,singrauli
singrauli_24.1505_82.5672,2025-03-30,10.44,2.12,4.92,Block - B coal mine,singrauli
korba_22.3570_82.3006,2025-01-06,10.39,2.11,4.92,,korba
korba_22.3570_82.3006,2025-01-09,10.35,2.11,4.91,,korba
singrauli_24.1428_82.6776,2025-03-18,5.01,1.02,4.91,Dudhichua Mine,singrauli
korba_22.3570_82.3006,2025-12-06,10.37,2.11,4.91,,korba
singrauli_24.1445_82.6350,2025-12-29,6.69,1.37,4.9,Nigahi Mine,singrauli
singrauli_24.1505_82.5672,2025-02-25,10.39,2.12,4.9,Block - B coal mine,singrauli
singrauli_24.4494_83.0391,2025-07-07,4.56,0.93,4.9,Cement Factory,singrauli
korba_21.7815_82.8293,2025-03-02,19.58,4.01,4.88,,korba
punjab_30.5735_75.3985,2025-05-13,35.76,7.32,4.88,,punjab
korba_21.9221_83.3485,2025-10-22,14.48,2.97,4.88,Jindal Steel Works,korba
jamnagar_22.3153_69.8602,2025-04-21,14.54,2.98,4.88,Reliance Refinery,jamnagar
korba_22.3289_82.5940,2025-04-25,8.58,1.76,4.88,Gevra Open Cast Mine,korba
korba_21.9122_82.6908,2025-01-02,17.53,3.61,4.86,Prakash Industries Steel Plant,korba
korba_22.0356_83.3564,2025-04-18,8.15,1.68,4.85,,korba
korba_22.3312_82.6625,2025-05-11,4.06,0.84,4.83,Kusmunda Open Cast Mine,korba
korba_22.3289_82.5940,2025-06-08,8.48,1.76,4.82,Gevra Open Cast Mine,korba
korba_21.7779_83.1822,2025-01-11,20.33,4.22,4.82,AVANTHA BHANDAR TPP,korba
singrauli_24.1590_82.6717,2025-01-01,6.07,1.26,4.82,Dudhichua Mine,singrauli
singrauli_24.1428_82.6776,2025-05-06,4.91,1.02,4.81,Dudhichua Mine,singrauli
punjab_30.7121_75.2327,2025-05-10,30.42,6.32,4.81,Grandfather Food Processing,punjab
singrauli_24.1505_82.5672,2025-02-27,10.19,2.12,4.81,Block - B coal mine,singrauli
korba_21.6133_82.4474,2025-01-15,25.31,5.26,4.81,,korba
korba_22.3173_82.5347,2025-07-23,7.4,1.54,4.81,Dipka Open Cast Mine,korba
korba_22.0048_82.6706,2025-05-15,8.87,1.85,4.79,Prakash Industries Steel Plant,korba
korba_21.6467_82.6267,2025-03-08,29.66,6.21,4.78,,korba
singrauli_24.1390_82.7038,2025-12-07,5.19,1.08,4.78,Khadia Mine,singrauli
punjab_30.7964_75.3356,2025-05-13,35.46,7.47,4.75,Grandfather Food Processing,punjab
korba_21.9221_83.3485,2025-03-15,14.09,2.97,4.74,Jindal Steel Works,korba
korba_21.6603_83.3688,2025-12-21,23.45,4.96,4.73,,korba
korba_22.0356_83.3564,2025-06-15,7.95,1.68,4.73,,korba
singrauli_24.1641_82.6218,2025-01-31,6.72,1.42,4.73,Nigahi Mine,singrauli
singrauli_24.1905_82.5788,2025-06-13,4.54,0.96,4.73,Block - B coal mine,singrauli
singrauli_24.1825_82.6579,2025-05-12,5.38,1.14,4.72,Jayant Mine,singrauli
singrauli_24.1788_82.5590,2025-06-15,6.35,1.35,4.72,Block - B coal mine,singrauli
punjab_30.4346_76.3017,2025-11-15,16.22,3.45,4.7,,punjab
korba_21.9924_82.2510,2025-12-29,20.54,4.37,4.7,,korba
korba_21.9289_83.1447,2025-01-03,12.95,2.77,4.68,Athena Chhattisgarh power station,korba
singrauli_24.1505_82.5672,2025-04-04,9.93,2.12,4.68,Block - B coal mine,singrauli
korba_21.9221_83.3485,2025-04-21,13.9,2.97,4.68,Jindal Steel Works,korba
korba_22.3173_82.5347,2025-12-13,7.21,1.54,4.68,Dipka Open Cast Mine,korba
korba_21.9586_82.9103,2025-06-04,20.09,4.3,4.67,,korba
korba_21.9519_82.2524,2025-12-13,23.39,5.02,4.66,,korba
singrauli_24.1825_82.6579,2025-03-27,5.31,1.14,4.66,Jayant Mine,singrauli
singrauli_24.1641_82.6218,2025-02-07,6.6,1.42,4.65,Nigahi Mine,singrauli
punjab_30.6308_75.8182,2025-05-16,22.1,4.75,4.65,,punjab
singrauli_24.1590_82.6717,2025-06-10,5.85,1.26,4.64,Dudhichua Mine,singrauli
korba_21.6377_82.6904,2025-12-31,29.53,6.37,4.64,,korba
korba_21.9221_83.3485,2025-04-22,13.79,2.97,4.64,Jindal Steel Works,korba
korba_22.3289_82.5940,2025-05-20,8.12,1.76,4.61,Gevra Open Cast Mine,korba
singrauli_24.1505_82.5672,2025-04-14,9.77,2.12,4.61,Block - B coal mine,singrauli
korba_21.6603_83.3688,2025-12-15,22.78,4.96,4.6,,korba
korba_22.0227_83.0262,2025-12-13,21.25,4.62,4.6,Vandana Trailor,korba
singrauli_24.1505_82.5672,2025-04-26,9.76,2.12,4.6,Block - B coal mine,singrauli
singrauli_24.1428_82.6776,2025-05-12,4.69,1.02,4.6,Dudhichua Mine,singrauli
singrauli_24.1649_82.6862,2025-05-16,4.46,0.97,4.6,Dudhichua Mine,singrauli
korba_22.0356_83.3564,2025-11-25,7.71,1.68,4.59,,korba
korba_21.9851_82.3417,2025-12-13,21.91,4.78,4.59,Arasmeta Cement Plant,korba
singrauli_24.1354_82.7423,2025-06-14,5.18,1.13,4.58,Krishnashila Coal Mine,singrauli
singrauli_24.1825_82.6579,2025-06-04,5.22,1.14,4.58,Jayant Mine,singrauli
singrauli_24.1905_82.5788,2025-05-21,4.39,0.96,4.57,Block - B coal mine,singrauli
singrauli_24.1905_82.5788,2025-05-22,4.38,0.96,4.56,Block - B coal mine,singrauli
korba_21.6592_83.3178,2025-12-15,24.46,5.36,4.56,,korba
korba_21.9272_82.5719,2025-12-17,21.17,4.64,4.56,,korba
korba_22.3570_82.3006,2025-11-10,9.62,2.11,4.56,,korba
singrauli_24.1590_82.6717,2025-01-02,5.73,1.26,4.55,Dudhichua Mine,singrauli
korba_21.7604_82.9474,2025-12-15,18.77,4.14,4.53,,korba
korba_22.0236_83.3065,2025-08-17,2.81,0.62,4.53,,korba
singrauli_24.1505_82.5672,2025-05-21,9.6,2.12,4.53,Block - B coal mine,singrauli
singrauli_24.1590_82.6717,2025-06-05,5.71,1.26,4.53,Dudhichua Mine,singrauli
korba_22.0939_83.1194,2025-04-18,6.48,1.43,4.53,Chhal Coal Mine,korba
korba_22.0356_83.3564,2025-06-14,7.59,1.68,4.52,,korba
korba_22.3570_82.3006,2025-12-04,9.52,2.11,4.51,,korba
korba_22.3570_82.3006,2025-02-18,9.47,2.11,4.49,,korba
singrauli_24.1825_82.6579,2025-05-20,5.12,1.14,4.49,Jayant Mine,singrauli
singrauli_24.1641_82.6218,2025-06-12,6.38,1.42,4.49,Nigahi Mine,singrauli
singrauli_24.1641_82.6218,2025-01-13,6.38,1.42,4.49,Nigahi Mine,singrauli
singrauli_24.1641_82.6218,2025-01-11,6.36,1.42,4.48,Nigahi Mine,singrauli
singrauli_24.1590_82.6717,2025-04-06,5.64,1.26,4.48,Dudhichua Mine,singrauli
singrauli_24.1445_82.6350,2025-06-13,6.1,1.37,4.47,Nigahi Mine,singrauli
korba_21.6742_82.8471,2025-12-28,23.88,5.35,4.46,,korba
singrauli_24.2061_82.5251,2025-05-28,3.75,0.84,4.46,,singrauli
singrauli_24.1825_82.6579,2025-05-26,5.09,1.14,4.46,Jayant Mine,singrauli
korba_21.7451_82.9774,2025-12-10,24.77,5.55,4.46,,korba
korba_21.9893_82.9707,2025-01-26,22.09,4.98,4.44,Vandana Trailor,korba
korba_22.3173_82.5347,2025-12-09,6.83,1.54,4.44,Dipka Open Cast Mine,korba
singrauli_24.1590_82.6717,2025-06-08,5.58,1.26,4.43,Dudhichua Mine,singrauli
punjab_30.7322_76.0620,2025-04-18,22.56,5.09,4.43,,punjab
singrauli_24.1445_82.6350,2025-05-15,6.03,1.37,4.42,Nigahi Mine,singrauli
korba_21.9863_82.7428,2025-01-03,21.78,4.93,4.42,Prakash Industries Steel Plant,korba
singrauli_24.1825_82.6579,2025-04-01,5.04,1.14,4.42,Jayant Mine,singrauli
korba_22.3570_82.3006,2025-03-15,9.33,2.11,4.42,,korba
korba_22.1448_82.5668,2025-03-09,21.31,4.82,4.42,Marwa Thermal Power Plant,korba
korba_21.8025_82.9678,2025-01-19,21.57,4.89,4.41,,korba
korba_21.6477_82.4739,2025-12-19,28.22,6.4,4.41,,korba
korba_21.9221_83.3485,2025-10-11,13.1,2.97,4.41,Jindal Steel Works,korba
singrauli_24.1641_82.6218,2025-01-19,6.25,1.42,4.4,Nigahi Mine,singrauli
korba_22.3570_82.3006,2025-12-12,9.27,2.11,4.39,,korba
singrauli_24.1505_82.5672,2025-03-28,9.3,2.12,4.39,Block - B coal mine,singrauli
korba_21.9221_83.3485,2025-04-20,13.05,2.97,4.39,Jindal Steel Works,korba
korba_21.8562_82.6029,2025-12-30,21.99,5.01,4.39,Prakash Industries Steel Plant,korba
korba_21.9221_83.3485,2025-03-27,13.02,2.97,4.38,Jindal Steel Works,korba
korba_21.9035_82.5092,2025-12-19,20.32,4.65,4.37,,korba
korba_22.3289_82.5940,2025-02-17,7.69,1.76,4.37,Gevra Open Cast Mine,korba
singrauli_24.1445_82.6350,2025-05-07,5.97,1.37,4.37,Nigahi Mine,singrauli
punjab_30.9688_75.4259,2025-05-31,22.76,5.21,4.37,,punjab
korba_21.9352_83.2009,2025-02-15,30.02,6.89,4.36,Baradarha Power Station,korba
korba_21.6657_82.7818,2025-01-22,21.35,4.9,4.36,,korba
korba_22.0048_82.6706,2025-06-08,8.07,1.85,4.36,Prakash Industries Steel Plant,korba
singrauli_24.1641_82.6218,2025-02-01,6.19,1.42,4.36,Nigahi Mine,singrauli
singrauli_24.1505_82.5672,2025-03-06,9.24,2.12,4.36,Block - B coal mine,singrauli
korba_22.0323_82.5353,2025-12-09,13.7,3.14,4.36,,korba
korba_22.0356_83.3564,2025-06-09,7.33,1.68,4.36,,korba
korba_22.0939_83.1194,2025-04-19,6.22,1.43,4.35,Chhal Coal Mine,korba
korba_22.0939_83.1194,2025-04-10,6.22,1.43,4.35,Chhal Coal Mine,korba
korba_21.9863_82.7428,2025-03-04,21.39,4.93,4.34,Prakash Industries Steel Plant,korba
singrauli_24.1505_82.5672,2025-07-06,9.21,2.12,4.34,Block - B coal mine,singrauli
jamnagar_22.3364_69.8674,2025-04-30,10.55,2.43,4.34,Reliance Refinery,jamnagar
korba_21.9496_82.8468,2025-01-02,20.28,4.69,4.33,,korba
singrauli_24.2066_82.7111,2025-06-11,5.76,1.33,4.33,Jhingurdah Mine,singrauli
korba_22.0236_83.3065,2025-03-05,2.68,0.62,4.32,,korba
korba_22.3570_82.3006,2025-11-22,9.09,2.11,4.31,,korba
korba_22.0356_83.3564,2025-04-15,7.22,1.68,4.3,,korba
singrauli_24.1641_82.6218,2025-02-06,6.1,1.42,4.3,Nigahi Mine,singrauli
korba_21.6521_82.9099,2025-12-11,20.02,4.67,4.29,,korba
korba_21.7779_83.1822,2025-02-15,18.05,4.22,4.28,AVANTHA BHANDAR TPP,korba
singrauli_24.1505_82.5672,2025-05-27,9.06,2.12,4.27,Block - B coal mine,singrauli
korba_21.9035_82.5092,2025-01-03,19.8,4.65,4.26,,korba
korba_21.9221_83.3485,2025-04-17,12.66,2.97,4.26,Jindal Steel Works,korba
korba_22.3570_82.3006,2025-02-11,8.96,2.11,4.25,,korba
singrauli_24.1788_82.5590,2025-05-21,5.72,1.35,4.25,Block - B coal mine,singrauli
korba_22.3570_82.3006,2025-01-16,8.94,2.11,4.24,,korba
singrauli_24.1445_82.6350,2025-05-17,5.79,1.37,4.24,Nigahi Mine,singrauli
punjab_30.3874_75.6225,2025-05-20,30.56,7.21,4.24,,punjab
singrauli_24.1505_82.5672,2025-04-30,8.97,2.12,4.23,Block - B coal mine,singrauli
korba_22.3173_82.5347,2025-05-14,6.51,1.54,4.23,Dipka Open Cast Mine,korba
korba_21.9844_83.2332,2025-05-11,6.9,1.63,4.23,RAIGARH TPP,korba
singrauli_24.1505_82.5672,2025-05-12,8.96,2.12,4.23,Block - B coal mine,singrauli
korba_21.7174_83.3458,2025-03-13,13.64,3.23,4.22,Adani Korba West power station,korba
korba_21.6708_82.5032,2025-12-10,26.95,6.38,4.22,,korba
korba_22.3570_82.3006,2025-12-08,8.9,2.11,4.22,,korba
korba_22.0356_83.3564,2025-04-19,7.07,1.68,4.21,,korba
singrauli_24.1428_82.6776,2025-04-28,4.28,1.02,4.2,Dudhichua Mine,singrauli
korba_22.3570_82.3006,2025-12-03,8.87,2.11,4.2,,korba
korba_21.8652_82.3610,2025-12-11,18.93,4.52,4.19,AKALTARA TPP,korba
korba_22.3312_82.6625,2025-05-09,3.52,0.84,4.19,Kusmunda Open Cast Mine,korba
korba_22.0048_82.6706,2025-10-22,7.76,1.85,4.19,Prakash Industries Steel Plant,korba
singrauli_24.1590_82.6717,2025-06-12,5.28,1.26,4.19,Dudhichua Mine,singrauli
singrauli_24.1825_82.6579,2025-06-14,4.78,1.14,4.19,Jayant Mine,singrauli
korba_22.0430_82.9759,2025-12-31,17.36,4.15,4.18,,korba
singrauli_24.1505_82.5672,2025-03-31,8.86,2.12,4.18,Block - B coal mine,singrauli
singrauli_24.1641_82.6218,2025-01-01,5.93,1.42,4.18,Nigahi Mine,singrauli
singrauli_24.1505_82.5672,2025-05-13,8.87,2.12,4.18,Block - B coal mine,singrauli
singrauli_24.1445_82.6350,2025-05-12,5.71,1.37,4.18,Nigahi Mine,singrauli
singrauli_24.1505_82.5672,2025-03-29,8.86,2.12,4.18,Block - B coal mine,singrauli
punjab_30.7631_75.3168,2025-05-14,27.45,6.58,4.17,Grandfather Food Processing,punjab
korba_22.3289_82.5940,2025-12-23,7.34,1.76,4.17,Gevra Open Cast Mine,korba
singrauli_24.1505_82.5672,2025-03-18,8.83,2.12,4.17,Block - B coal mine,singrauli
korba_21.6707_82.3327,2025-02-15,25.47,6.1,4.17,,korba
punjab_30.3423_75.8687,2025-05-14,20.66,4.96,4.16,Dhuri Sugar Mill,punjab
korba_22.0939_83.1194,2025-06-14,5.95,1.43,4.16,Chhal Coal Mine,korba
korba_22.3570_82.3006,2025-06-09,8.78,2.11,4.16,,korba
punjab_30.7806_75.4417,2025-05-15,23.44,5.65,4.15,,punjab
korba_22.3570_82.3006,2025-03-22,8.74,2.11,4.14,,korba
korba_21.9893_82.9707,2025-12-20,20.58,4.98,4.13,Vandana Trailor,korba
korba_21.8524_82.7539,2025-12-25,26.25,6.35,4.13,Prakash Industries Steel Plant,korba
korba_22.3570_82.3006,2025-03-04,8.72,2.11,4.13,,korba
korba_21.6616_83.2961,2025-12-12,22.78,5.52,4.13,,korba
korba_21.6133_82.4474,2025-02-13,21.71,5.26,4.13,,korba
singrauli_24.1649_82.6862,2025-10-09,4.0,0.97,4.12,Dudhichua Mine,singrauli
korba_21.8770_83.1039,2025-01-04,16.23,3.94,4.12,UCHPINDA TPP,korba
korba_22.0356_83.3564,2025-06-07,6.93,1.68,4.12,,korba
singrauli_24.1505_82.5672,2025-06-15,8.74,2.12,4.12,Block - B coal mine,singrauli
singrauli_24.1825_82.6579,2025-06-12,4.7,1.14,4.12,Jayant Mine,singrauli
korba_21.9893_82.9707,2025-12-30,20.45,4.98,4.11,Vandana Trailor,korba
korba_21.9035_82.5092,2025-12-13,19.12,4.65,4.11,,korba
korba_22.0418_82.2792,2025-12-11,17.81,4.34,4.1,,korba
korba_21.7653_83.1127,2025-03-03,19.77,4.82,4.1,,korba
singrauli_24.1390_82.7038,2025-12-31,4.44,1.08,4.09,Khadia Mine,singrauli
singrauli_24.1505_82.5672,2025-06-04,8.68,2.12,4.09,Block - B coal mine,singrauli
punjab_30.7964_75.3356,2025-05-15,30.58,7.47,4.09,Grandfather Food Processing,punjab
korba_21.9844_83.2332,2025-06-13,6.67,1.63,4.09,RAIGARH TPP,korba
korba_21.9221_83.3485,2025-05-10,12.13,2.97,4.08,Jindal Steel Works,korba
singrauli_24.1505_82.5672,2025-05-09,8.64,2.12,4.08,Block - B coal mine,singrauli
singrauli_24.1461_82.6576,2025-12-11,6.03,1.48,4.07,Jayant Mine,singrauli
korba_22.0221_83.3796,2025-06-08,5.29,1.3,4.07,,korba
singrauli_24.1590_82.6717,2025-11-18,5.13,1.26,4.07,Dudhichua Mine,singrauli
korba_21.9857_83.3659,2025-09-07,2.44,0.6,4.07,,korba
korba_21.9844_83.2332,2025-07-19,6.64,1.63,4.07,RAIGARH TPP,korba
korba_21.9035_82.5092,2025-12-28,18.9,4.65,4.06,,korba
korba_21.9124_83.1035,2025-03-06,21.14,5.21,4.06,Athena Chhattisgarh power station,korba
korba_22.0602_82.6668,2025-01-08,24.84,6.12,4.06,Prakash Industries Steel Plant,korba
singrauli_24.1590_82.6717,2025-09-25,5.11,1.26,4.06,Dudhichua Mine,singrauli
korba_22.3289_82.5940,2025-02-18,7.13,1.76,4.05,Gevra Open Cast Mine,korba
korba_22.3173_82.5347,2025-03-18,6.24,1.54,4.05,Dipka Open Cast Mine,korba
singrauli_24.1505_82.5672,2025-05-05,8.59,2.12,4.05,Block - B coal mine,singrauli
korba_21.6603_83.3688,2025-01-03,20.08,4.96,4.05,,korba
korba_22.3289_82.5940,2025-05-13,7.12,1.76,4.05,Gevra Open Cast Mine,korba
singrauli_24.1641_82.6218,2025-02-11,5.75,1.42,4.05,Nigahi Mine,singrauli
singrauli_24.1428_82.6776,2025-04-16,4.13,1.02,4.05,Dudhichua Mine,singrauli
singrauli_24.1445_82.6350,2025-01-03,5.53,1.37,4.05,Nigahi Mine,singrauli
singrauli_24.1590_82.6717,2025-01-27,5.1,1.26,4.05,Dudhichua Mine,singrauli
singrauli_24.1825_82.6579,2025-03-28,4.61,1.14,4.04,Jayant Mine,singrauli
korba_21.6377_82.6904,2025-12-08,25.72,6.37,4.04,,korba
singrauli_24.1905_82.5788,2025-05-28,3.88,0.96,4.04,Block - B coal mine,singrauli
korba_21.8784_82.6595,2025-06-05,18.89,4.68,4.04,Prakash Industries Steel Plant,korba
korba_22.1448_82.5668,2025-02-11,19.45,4.82,4.04,Marwa Thermal Power Plant,korba
korba_22.3173_82.5347,2025-11-22,6.22,1.54,4.04,Dipka Open Cast Mine,korba
singrauli_24.1825_82.6579,2025-04-02,4.6,1.14,4.04,Jayant Mine,singrauli
korba_21.9844_83.2332,2025-04-16,6.57,1.63,4.03,RAIGARH TPP,korba
korba_22.3570_82.3006,2025-04-16,8.5,2.11,4.03,,korba
punjab_30.5250_75.3422,2025-05-17,24.93,6.2,4.02,,punjab
korba_22.1563_82.2724,2025-02-10,23.05,5.73,4.02,Sipat Thermal Power Station,korba
singrauli_24.1390_82.7038,2025-10-17,4.36,1.08,4.02,Khadia Mine,singrauli
singrauli_24.1905_82.5788,2025-03-30,3.85,0.96,4.01,Block - B coal mine,singrauli
korba_21.7007_83.1116,2025-01-03,25.09,6.26,4.01,,korba
korba_21.8428_82.8932,2025-12-13,15.95,3.98,4.01,,korba
singrauli_24.1641_82.6218,2025-01-27,5.69,1.42,4.01,Nigahi Mine,singrauli
singrauli_24.1505_82.5672,2025-03-14,8.5,2.12,4.01,Block - B coal mine,singrauli
korba_22.3289_82.5940,2025-05-21,7.06,1.76,4.01,Gevra Open Cast Mine,korba
korba_22.3570_82.3006,2025-01-01,8.44,2.11,4.0,,korba
korba_22.0025_82.4714,2025-12-08,15.4,3.85,4.0,,korba
singrauli_24.1390_82.7038,2025-12-11,4.34,1.08,4.0,Khadia Mine,singrauli
korba_21.6536_82.7182,2025-01-02,25.98,6.49,4.0,,korba
korba_21.9587_82.9834,2025-12-17,19.97,5.01,3.99,,korba
korba_22.3173_82.5347,2025-04-01,6.13,1.54,3.98,Dipka Open Cast Mine,korba
singrauli_24.1505_82.5672,2025-02-23,8.44,2.12,3.98,Block - B coal mine,singrauli
singrauli_24.1825_82.6579,2025-04-07,4.54,1.14,3.98,Jayant Mine,singrauli
singrauli_24.1641_82.6218,2025-01-07,5.65,1.42,3.98,Nigahi Mine,singrauli
korba_22.3570_82.3006,2025-03-18,8.4,2.11,3.98,,korba
korba_22.0048_82.6706,2025-05-12,7.37,1.85,3.98,Prakash Industries Steel Plant,korba
singrauli_24.1445_82.6350,2025-02-17,5.43,1.37,3.98,Nigahi Mine,singrauli
korba_21.6913_83.1759,2025-12-17,21.36,5.38,3.97,,korba
korba_22.3289_82.5940,2025-02-13,6.98,1.76,3.97,Gevra Open Cast Mine,korba
korba_21.6904_82.7371,2025-03-01,25.37,6.41,3.96,,korba
korba_22.3173_82.5347,2025-03-13,6.1,1.54,3.96,Dipka Open Cast Mine,korba
korba_22.3289_82.5940,2025-02-16,6.95,1.76,3.95,Gevra Open Cast Mine,korba
korba_21.7549_82.7770,2025-12-16,21.23,5.39,3.94,,korba
korba_22.3289_82.5940,2025-02-21,6.94,1.76,3.94,Gevra Open Cast Mine,korba
korba_22.3570_82.3006,2025-02-27,8.32,2.11,3.94,,korba
singrauli_24.1590_82.6717,2025-05-28,4.95,1.26,3.93,Dudhichua Mine,singrauli
korba_22.0356_83.3564,2025-12-29,6.6,1.68,3.93,,korba
korba_21.8869_83.2194,2025-02-08,17.3,4.4,3.93,Baradarha Power Station,korba
singrauli_24.1505_82.5672,2025-04-11,8.33,2.12,3.93,Block - B coal mine,singrauli
korba_21.8754_83.0462,2025-01-04,17.27,4.42,3.9,UCHPINDA TPP,korba
korba_21.6380_83.1381,2025-12-05,17.52,4.49,3.9,,korba
korba_22.3289_82.5940,2025-04-27,6.86,1.76,3.9,Gevra Open Cast Mine,korba
punjab_30.4251_75.9966,2025-05-15,21.62,5.54,3.9,,punjab
singrauli_24.1445_82.6350,2025-05-30,5.32,1.37,3.9,Nigahi Mine,singrauli
korba_22.3173_82.5347,2025-06-08,6.0,1.54,3.9,Dipka Open Cast Mine,korba
korba_21.9221_83.3485,2025-05-06,11.55,2.97,3.89,Jindal Steel Works,korba
korba_21.8323_82.3306,2025-02-07,24.13,6.24,3.87,,korba
korba_22.3570_82.3006,2025-12-28,8.16,2.11,3.87,,korba
korba_21.9221_83.3485,2025-03-12,11.45,2.97,3.86,Jindal Steel Works,korba
korba_21.7326_82.8763,2025-12-13,17.44,4.51,3.86,,korba
korba_21.8652_82.7991,2025-02-08,18.92,4.9,3.86,Prakash Industries Steel Plant,korba
singrauli_24.1905_82.5788,2025-05-17,3.71,0.96,3.86,Block - B coal mine,singrauli
korba_21.6377_82.6904,2025-12-17,24.55,6.37,3.85,,korba
singrauli_24.1505_82.5672,2025-07-04,8.16,2.12,3.85,Block - B coal mine,singrauli
korba_22.3570_82.3006,2025-03-05,8.13,2.11,3.85,,korba
korba_22.3289_82.5940,2025-04-30,6.76,1.76,3.84,Gevra Open Cast Mine,korba
korba_22.0356_83.3564,2025-12-02,6.45,1.68,3.84,,korba
korba_21.7779_83.1822,2025-02-27,16.21,4.22,3.84,AVANTHA BHANDAR TPP,korba
punjab_30.7322_76.0620,2025-04-19,19.57,5.09,3.84,,punjab
korba_22.0356_83.3564,2025-04-17,6.45,1.68,3.84,,korba
korba_21.8357_82.6114,2025-01-04,20.3,5.28,3.84,,korba
korba_22.3289_82.5940,2025-12-30,6.75,1.76,3.84,Gevra Open Cast Mine,korba
korba_21.9221_83.3485,2025-05-07,11.4,2.97,3.84,Jindal Steel Works,korba
singrauli_24.1505_82.5672,2025-03-08,8.11,2.12,3.83,Block - B coal mine,singrauli
singrauli_24.1505_82.5672,2025-04-10,8.11,2.12,3.83,Block - B coal mine,singrauli
korba_21.9221_83.3485,2025-04-11,11.37,2.97,3.83,Jindal Steel Works,korba
korba_21.9119_82.4190,2025-12-31,20.43,5.33,3.83,AKALTARA TPP,korba
korba_22.3289_82.5940,2025-02-14,6.74,1.76,3.83,Gevra Open Cast Mine,korba
korba_22.3570_82.3006,2025-02-12,8.05,2.11,3.82,,korba
singrauli_24.1390_82.7038,2025-10-21,4.14,1.08,3.82,Khadia Mine,singrauli
korba_21.9936_82.7674,2025-02-15,17.96,4.7,3.82,Prakash Industries Steel Plant,korba
korba_22.3289_82.5940,2025-05-17,6.72,1.76,3.82,Gevra Open Cast Mine,korba
singrauli_24.1641_82.6218,2025-01-28,5.42,1.42,3.82,Nigahi Mine,singrauli
singrauli_24.1905_82.5788,2025-05-18,3.66,0.96,3.81,Block - B coal mine,singrauli
korba_21.9194_82.5951,2025-12-27,14.94,3.92,3.81,Prakash Industries Steel Plant,korba
korba_22.3289_82.5940,2025-05-03,6.71,1.76,3.81,Gevra Open Cast Mine,korba
korba_22.3289_82.5940,2025-06-12,6.68,1.76,3.8,Gevra Open Cast Mine,korba
korba_22.3289_82.5940,2025-12-11,6.69,1.76,3.8,Gevra Open Cast Mine,korba
singrauli_24.1505_82.5672,2025-05-03,8.03,2.12,3.79,Block - B coal mine,singrauli
korba_22.3289_82.5940,2025-12-31,6.67,1.76,3.79,Gevra Open Cast Mine,korba
korba_21.7451_82.9774,2025-05-21,21.03,5.55,3.79,,korba
korba_21.7326_82.8763,2025-12-17,17.12,4.51,3.79,,korba
korba_21.9221_83.3485,2025-11-19,11.22,2.97,3.78,Jindal Steel Works,korba
korba_21.6174_83.3738,2025-12-26,13.43,3.55,3.78,,korba
singrauli_24.1505_82.5672,2025-04-18,8.01,2.12,3.78,Block - B coal mine,singrauli
korba_22.3173_82.5347,2025-03-17,5.8,1.54,3.77,Dipka Open Cast Mine,korba
korba_22.3570_82.3006,2025-03-11,7.95,2.11,3.77,,korba
korba_21.9524_82.5141,2025-01-02,14.21,3.78,3.76,,korba
korba_22.0356_83.3564,2025-05-02,6.31,1.68,3.76,,korba
korba_21.9221_83.3485,2025-04-08,11.14,2.97,3.75,Jindal Steel Works,korba
korba_22.3173_82.5347,2025-03-06,5.77,1.54,3.75,Dipka Open Cast Mine,korba
korba_21.9932_82.8692,2025-12-25,15.5,4.13,3.75,,korba
korba_21.9221_83.3485,2025-03-30,11.14,2.97,3.75,Jindal Steel Works,korba
korba_21.6960_82.6216,2025-12-25,23.57,6.28,3.75,,korba
singrauli_24.1461_82.6576,2025-03-27,5.55,1.48,3.75,Jayant Mine,singrauli
korba_21.9221_83.3485,2025-05-03,11.13,2.97,3.75,Jindal Steel Works,korba
korba_22.0939_83.1194,2025-11-17,5.35,1.43,3.74,Chhal Coal Mine,korba
singrauli_24.1428_82.6776,2025-03-17,3.8,1.02,3.73,Dudhichua Mine,singrauli
singrauli_24.1505_82.5672,2025-05-16,7.9,2.12,3.73,Block - B coal mine,singrauli
korba_21.8717_82.2532,2025-01-06,18.7,5.01,3.73,,korba
singrauli_24.1390_82.7038,2025-10-23,4.05,1.08,3.73,Khadia Mine,singrauli
korba_22.3570_82.3006,2025-06-14,7.87,2.11,3.73,,korba
singrauli_24.1641_82.6218,2025-06-13,5.29,1.42,3.73,Nigahi Mine,singrauli
korba_22.3173_82.5347,2025-05-03,5.73,1.54,3.72,Dipka Open Cast Mine,korba
korba_22.3570_82.3006,2025-02-21,7.85,2.11,3.72,,korba
singrauli_24.1641_82.6218,2025-03-05,5.28,1.42,3.72,Nigahi Mine,singrauli
singrauli_24.1445_82.6350,2025-01-02,5.08,1.37,3.72,Nigahi Mine,singrauli
singrauli_24.1825_82.6579,2025-05-28,4.24,1.14,3.72,Jayant Mine,singrauli
korba_22.3225_82.6744,2025-04-30,3.16,0.85,3.72,Kusmunda Open Cast Mine,korba
korba_22.1665_82.5015,2025-02-11,16.77,4.51,3.72,,korba
singrauli_24.1445_82.6350,2025-02-15,5.08,1.37,3.72,Nigahi Mine,singrauli
singrauli_24.1590_82.6717,2025-04-10,4.67,1.26,3.71,Dudhichua Mine,singrauli
singrauli_24.1641_82.6218,2025-02-02,5.27,1.42,3.71,Nigahi Mine,singrauli
korba_21.9221_83.3485,2025-03-13,10.99,2.97,3.7,Jindal Steel Works,korba
korba_22.0048_82.6706,2025-03-08,6.84,1.85,3.7,Prakash Industries Steel Plant,korba
korba_22.0356_83.3564,2025-05-07,6.21,1.68,3.7,,korba
singrauli_24.1505_82.5672,2025-05-30,7.84,2.12,3.7,Block - B coal mine,singrauli
singrauli_24.1788_82.5590,2025-05-18,4.98,1.35,3.7,Block - B coal mine,singrauli
korba_22.3364_82.5534,2025-05-26,2.59,0.7,3.7,Gevra Open Cast Mine,korba
singrauli_24.1590_82.6717,2025-01-03,4.65,1.26,3.69,Dudhichua Mine,singrauli
korba_22.3570_82.3006,2025-03-02,7.79,2.11,3.69,,korba
korba_22.3570_82.3006,2025-11-06,7.79,2.11,3.69,,korba
korba_21.7312_82.2141,2025-06-13,4.95,1.34,3.69,,korba
korba_22.3173_82.5347,2025-05-18,5.69,1.54,3.69,Dipka Open Cast Mine,korba
korba_21.9221_83.3485,2025-05-19,10.92,2.97,3.68,Jindal Steel Works,korba
korba_21.8025_82.9678,2025-12-29,18.03,4.89,3.68,,korba
korba_21.6133_82.4474,2025-01-17,19.35,5.26,3.68,,korba
singrauli_24.1590_82.6717,2025-12-29,4.62,1.26,3.67,Dudhichua Mine,singrauli
korba_22.0356_83.3564,2025-04-20,6.17,1.68,3.67,,korba
korba_22.0048_82.6706,2025-06-09,6.79,1.85,3.67,Prakash Industries Steel Plant,korba
singrauli_24.1445_82.6350,2025-05-09,5.01,1.37,3.67,Nigahi Mine,singrauli
singrauli_24.1445_82.6350,2025-12-30,5.01,1.37,3.67,Nigahi Mine,singrauli
punjab_30.4094_75.9737,2025-05-14,30.78,8.39,3.67,,punjab
korba_21.9221_83.3485,2025-12-27,10.87,2.97,3.66,Jindal Steel Works,korba
korba_21.9122_82.6908,2025-12-26,13.2,3.61,3.66,Prakash Industries Steel Plant,korba
korba_22.0048_82.6706,2025-03-09,6.75,1.85,3.65,Prakash Industries Steel Plant,korba
korba_21.6872_82.5895,2025-12-18,20.23,5.55,3.65,,korba
korba_21.9221_83.3485,2025-08-18,10.84,2.97,3.65,Jindal Steel Works,korba
singrauli_24.1445_82.6350,2025-04-29,4.98,1.37,3.65,Nigahi Mine,singrauli
korba_21.9216_83.0821,2025-01-18,11.59,3.18,3.65,Athena Chhattisgarh power station,korba
singrauli_24.1390_82.7038,2025-12-10,3.95,1.08,3.64,Khadia Mine,singrauli
singrauli_24.1505_82.5672,2025-03-13,7.71,2.12,3.64,Block - B coal mine,singrauli
korba_21.9221_83.3485,2025-01-06,10.77,2.97,3.63,Jindal Steel Works,korba
korba_22.0939_83.1194,2025-11-07,5.19,1.43,3.63,Chhal Coal Mine,korba
korba_21.7460_83.1858,2025-01-25,19.44,5.35,3.63,,korba
korba_22.3173_82.5347,2025-05-26,5.58,1.54,3.62,Dipka Open Cast Mine,korba
korba_22.0126_82.8510,2025-01-10,14.73,4.06,3.62,,korba
korba_21.7779_83.1822,2025-02-10,15.24,4.22,3.61,AVANTHA BHANDAR TPP,korba
korba_21.7584_82.7010,2025-01-03,21.45,5.94,3.61,,korba
korba_21.9221_83.3485,2025-03-28,10.73,2.97,3.61,Jindal Steel Works,korba
korba_22.3312_82.6625,2025-05-12,3.03,0.84,3.61,Kusmunda Open Cast Mine,korba
korba_22.3225_82.6744,2025-05-15,3.07,0.85,3.61,Kusmunda Open Cast Mine,korba
korba_21.9844_83.2332,2025-05-12,5.87,1.63,3.6,RAIGARH TPP,korba
korba_21.6133_82.4474,2025-01-16,18.94,5.26,3.6,,korba
singrauli_24.1641_82.6218,2025-03-03,5.1,1.42,3.59,Nigahi Mine,singrauli
korba_21.8784_82.6595,2025-12-23,16.79,4.68,3.59,Prakash Industries Steel Plant,korba
korba_21.7326_82.8763,2025-12-30,16.21,4.51,3.59,,korba
korba_21.9645_82.5848,2025-01-02,16.86,4.7,3.59,,korba
korba_21.6241_82.3440,2025-01-27,22.91,6.4,3.58,,korba
singrauli_24.1390_82.7038,2025-12-05,3.88,1.08,3.58,Khadia Mine,singrauli
korba_21.7779_83.1822,2025-02-09,15.12,4.22,3.58,AVANTHA BHANDAR TPP,korba
korba_22.3570_82.3006,2025-11-21,7.55,2.11,3.58,,korba
korba_21.8022_82.3404,2025-12-18,21.51,6.03,3.57,,korba
singrauli_24.1590_82.6717,2025-10-08,4.5,1.26,3.57,Dudhichua Mine,singrauli
singrauli_24.2066_82.7111,2025-02-12,4.74,1.33,3.56,Jhingurdah Mine,singrauli
korba_21.8784_82.6595,2025-12-31,16.68,4.68,3.56,Prakash Industries Steel Plant,korba
singrauli_24.1505_82.5672,2025-04-12,7.54,2.12,3.56,Block - B coal mine,singrauli
korba_22.3225_82.6744,2025-06-09,3.03,0.85,3.56,Kusmunda Open Cast Mine,korba
korba_21.7326_82.8763,2025-12-15,16.09,4.51,3.56,,korba
korba_22.3570_82.3006,2025-12-21,7.48,2.11,3.55,,korba
korba_22.3570_82.3006,2025-03-20,7.49,2.11,3.55,,korba
singrauli_24.1390_82.7038,2025-10-19,3.85,1.08,3.55,Khadia Mine,singrauli
korba_22.3173_82.5347,2025-06-13,5.46,1.54,3.55,Dipka Open Cast Mine,korba
korba_21.7549_82.7770,2025-12-28,19.12,5.39,3.55,,korba
singrauli_24.2066_82.7111,2025-06-14,4.72,1.33,3.55,Jhingurdah Mine,singrauli
korba_22.3289_82.5940,2025-02-12,6.25,1.76,3.55,Gevra Open Cast Mine,korba
korba_22.0060_83.0792,2025-02-10,12.95,3.65,3.55,Chhal Coal Mine,korba
singrauli_24.1445_82.6350,2025-05-08,4.84,1.37,3.55,Nigahi Mine,singrauli
korba_22.3570_82.3006,2025-03-23,7.48,2.11,3.55,,korba
korba_21.9221_83.3485,2025-05-21,10.5,2.97,3.54,Jindal Steel Works,korba
korba_21.6960_82.6216,2025-01-19,22.24,6.28,3.54,,korba
korba_22.0356_83.3564,2025-02-15,5.95,1.68,3.54,,korba
korba_22.0048_82.6706,2025-06-13,6.54,1.85,3.54,Prakash Industries Steel Plant,korba
korba_21.6603_83.3688,2025-12-18,17.5,4.96,3.53,,korba
korba_22.3289_82.5940,2025-02-19,6.22,1.76,3.53,Gevra Open Cast Mine,korba
korba_21.6603_83.3688,2025-12-14,17.49,4.96,3.53,,korba
singrauli_24.1505_82.5672,2025-04-07,7.49,2.12,3.53,Block - B coal mine,singrauli
singrauli_24.1641_82.6218,2025-02-05,5.01,1.42,3.53,Nigahi Mine,singrauli
korba_22.0447_83.0136,2025-12-29,12.49,3.54,3.53,,korba
korba_22.0356_83.3564,2025-04-09,5.93,1.68,3.53,,korba
korba_22.3570_82.3006,2025-03-17,7.45,2.11,3.53,,korba
korba_21.9844_83.2332,2025-05-03,5.76,1.63,3.53,RAIGARH TPP,korba
punjab_30.9706_76.2874,2025-05-30,19.39,5.51,3.52,,punjab
singrauli_24.1302_82.6199,2025-01-24,4.15,1.18,3.52,Nigahi Mine,singrauli
singrauli_24.1428_82.6776,2025-04-26,3.59,1.02,3.52,Dudhichua Mine,singrauli
singrauli_24.1354_82.7423,2025-04-16,3.98,1.13,3.52,Krishnashila Coal Mine,singrauli
singrauli_24.1590_82.6717,2025-05-21,4.43,1.26,3.52,Dudhichua Mine,singrauli
korba_22.3225_82.6744,2025-05-09,2.99,0.85,3.52,Kusmunda Open Cast Mine,korba
korba_21.9935_82.3063,2025-12-28,22.61,6.44,3.51,,korba
korba_21.6657_82.7818,2025-01-28,17.13,4.9,3.5,,korba
korba_21.7904_83.3006,2025-02-12,12.48,3.58,3.49,Adani Korba West power station,korba
korba_21.8652_82.7991,2025-01-02,17.08,4.9,3.49,Prakash Industries Steel Plant,korba
korba_21.9221_83.3485,2025-05-12,10.38,2.97,3.49,Jindal Steel Works,korba
korba_22.0356_83.3564,2025-04-16,5.86,1.68,3.49,,korba
singrauli_24.1390_82.7038,2025-12-30,3.79,1.08,3.49,Khadia Mine,singrauli
korba_21.9221_83.3485,2025-08-11,10.38,2.97,3.49,Jindal Steel Works,korba
korba_21.9221_83.3485,2025-11-17,10.38,2.97,3.49,Jindal Steel Works,korba
singrauli_24.1641_82.6218,2025-02-08,4.94,1.42,3.48,Nigahi Mine,singrauli
korba_22.0356_83.3564,2025-03-12,5.84,1.68,3.48,,korba
korba_21.9756_82.5023,2025-12-29,12.59,3.62,3.48,,korba
korba_21.7580_82.5998,2025-12-28,18.29,5.25,3.48,,korba
korba_21.7070_82.5180,2025-01-08,15.98,4.61,3.47,,korba
singrauli_24.1825_82.6579,2025-12-25,3.96,1.14,3.47,Jayant Mine,singrauli
korba_21.8423_82.9605,2025-12-15,11.41,3.29,3.47,,korba
korba_22.0221_83.3796,2025-05-11,4.51,1.3,3.47,,korba
korba_21.7549_82.7770,2025-12-11,18.71,5.39,3.47,,korba
punjab_30.6244_75.3995,2025-11-08,15.47,4.47,3.46,Sohal Steel Works,punjab
korba_22.0356_83.3564,2025-04-13,5.82,1.68,3.46,,korba
singrauli_24.1390_82.7038,2025-10-22,3.75,1.08,3.46,Khadia Mine,singrauli
singrauli_24.1390_82.7038,2025-04-01,3.75,1.08,3.46,Khadia Mine,singrauli
korba_21.9035_82.5092,2025-12-21,16.09,4.65,3.46,,korba
korba_22.0048_82.6706,2025-12-28,6.39,1.85,3.45,Prakash Industries Steel Plant,korba
korba_21.9221_83.3485,2025-03-09,10.24,2.97,3.45,Jindal Steel Works,korba
singrauli_24.1505_82.5672,2025-03-27,7.32,2.12,3.45,Block - B coal mine,singrauli
korba_21.7885_82.8002,2025-12-25,17.68,5.14,3.44,,korba
korba_21.6521_82.9099,2025-01-17,16.07,4.67,3.44,,korba
jamnagar_22.3213_69.8813,2025-01-17,4.63,1.35,3.44,Reliance Refinery,jamnagar
korba_21.9221_83.3485,2025-11-05,10.18,2.97,3.43,Jindal Steel Works,korba
singrauli_24.1505_82.5672,2025-04-06,7.28,2.12,3.43,Block - B coal mine,singrauli
singrauli_24.1641_82.6218,2025-02-28,4.87,1.42,3.43,Nigahi Mine,singrauli
korba_21.9183_82.9214,2025-12-15,13.07,3.81,3.43,,korba
singrauli_24.1825_82.6579,2025-06-07,3.91,1.14,3.43,Jayant Mine,singrauli
singrauli_24.1590_82.6717,2025-03-07,4.32,1.26,3.43,Dudhichua Mine,singrauli
korba_21.9221_83.3485,2025-06-04,10.2,2.97,3.43,Jindal Steel Works,korba
korba_22.0356_83.3564,2025-04-08,5.74,1.68,3.42,,korba
korba_22.3173_82.5347,2025-12-11,5.27,1.54,3.42,Dipka Open Cast Mine,korba
korba_21.9587_82.9834,2025-01-17,17.06,5.01,3.41,,korba
korba_22.0763_82.5281,2025-02-10,22.13,6.48,3.41,,korba
singrauli_24.1445_82.6350,2025-05-02,4.65,1.37,3.41,Nigahi Mine,singrauli
korba_22.3289_82.5940,2025-06-09,6.01,1.76,3.41,Gevra Open Cast Mine,korba
korba_22.3570_82.3006,2025-12-20,7.19,2.11,3.41,,korba
korba_21.8784_82.6595,2025-12-26,15.94,4.68,3.41,Prakash Industries Steel Plant,korba
korba_22.0356_83.3564,2025-06-12,5.71,1.68,3.4,,korba
korba_22.3173_82.5347,2025-06-02,5.24,1.54,3.4,Dipka Open Cast Mine,korba
singrauli_24.1445_82.6350,2025-05-28,4.64,1.37,3.4,Nigahi Mine,singrauli
korba_21.9221_83.3485,2025-02-13,10.09,2.97,3.4,Jindal Steel Works,korba
korba_21.9221_83.3485,2025-11-18,10.11,2.97,3.4,Jindal Steel Works,korba
korba_22.3570_82.3006,2025-12-23,7.17,2.11,3.4,,korba
singrauli_24.2066_82.7111,2025-04-18,4.52,1.33,3.4,Jhingurdah Mine,singrauli
punjab_30.4361_75.8816,2025-05-14,16.74,4.94,3.39,,punjab
korba_22.0939_83.1194,2025-11-05,4.85,1.43,3.39,Chhal Coal Mine,korba
korba_22.0091_82.6249,2025-12-17,12.76,3.76,3.39,,korba
korba_22.0939_83.1194,2025-03-11,4.85,1.43,3.39,Chhal Coal Mine,korba
singrauli_24.1590_82.6717,2025-01-30,4.27,1.26,3.39,Dudhichua Mine,singrauli
korba_22.0179_82.2986,2025-03-28,17.55,5.19,3.38,,korba
singrauli_24.1641_82.6218,2025-02-24,4.8,1.42,3.38,Nigahi Mine,singrauli
singrauli_24.1590_82.6717,2025-06-16,4.26,1.26,3.38,Dudhichua Mine,singrauli
singrauli_24.1788_82.5590,2025-05-20,4.54,1.35,3.38,Block - B coal mine,singrauli
punjab_30.7806_75.4417,2025-11-04,19.1,5.65,3.38,,punjab
singrauli_24.1505_82.5672,2025-05-14,7.15,2.12,3.37,Block - B coal mine,singrauli
singrauli_24.1505_82.5672,2025-05-10,7.14,2.12,3.37,Block - B coal mine,singrauli
korba_22.0048_82.6706,2025-01-03,6.24,1.85,3.37,Prakash Industries Steel Plant,korba
korba_22.0432_82.8063,2025-02-03,16.63,4.94,3.37,Prakash Industries Steel Plant,korba
singrauli_24.1390_82.7038,2025-04-28,3.66,1.08,3.37,Khadia Mine,singrauli
singrauli_24.1641_82.6218,2025-03-01,4.79,1.42,3.37,Nigahi Mine,singrauli
singrauli_24.1505_82.5672,2025-01-30,7.14,2.12,3.37,Block - B coal mine,singrauli
singrauli_24.1649_82.6862,2025-03-23,3.27,0.97,3.37,Dudhichua Mine,singrauli
korba_21.9844_83.2332,2025-04-08,5.47,1.63,3.36,RAIGARH TPP,korba
korba_21.9332_82.2047,2025-01-08,24.26,7.22,3.36,,korba
korba_21.9221_83.3485,2025-06-09,9.97,2.97,3.36,Jindal Steel Works,korba
korba_21.7326_82.8763,2025-12-19,15.15,4.51,3.36,,korba
singrauli_24.1445_82.6350,2025-05-20,4.58,1.37,3.36,Nigahi Mine,singrauli
singrauli_24.1445_82.6350,2025-05-06,4.59,1.37,3.36,Nigahi Mine,singrauli
singrauli_24.1302_82.6199,2025-01-27,3.96,1.18,3.36,Nigahi Mine,singrauli
singrauli_24.1505_82.5672,2025-04-13,7.11,2.12,3.35,Block - B coal mine,singrauli
korba_22.0356_83.3564,2025-12-09,5.63,1.68,3.35,,korba
korba_22.0356_83.3564,2025-03-18,5.63,1.68,3.35,,korba
korba_21.9035_82.5092,2025-06-06,15.51,4.65,3.34,,korba
korba_21.9221_83.3485,2025-01-24,9.93,2.97,3.34,Jindal Steel Works,korba
korba_22.0356_83.3564,2025-12-20,5.61,1.68,3.34,,korba
korba_21.6297_83.2823,2025-12-18,13.12,3.93,3.34,,korba
singrauli_24.1505_82.5672,2025-08-16,7.08,2.12,3.34,Block - B coal mine,singrauli
korba_22.1307_82.6127,2025-02-08,18.52,5.54,3.34,Marwa Thermal Power Plant,korba
korba_21.9035_82.5092,2025-12-30,15.53,4.65,3.34,,korba
punjab_30.4346_76.3017,2025-05-16,11.54,3.45,3.34,,punjab
korba_22.0048_82.6706,2025-11-06,6.17,1.85,3.34,Prakash Industries Steel Plant,korba
singrauli_24.1788_82.5590,2025-05-17,4.48,1.35,3.33,Block - B coal mine,singrauli
korba_22.1121_82.3632,2025-03-12,14.78,4.43,3.33,SIPAT STPS,korba
korba_21.9221_83.3485,2025-11-14,9.9,2.97,3.33,Jindal Steel Works,korba
singrauli_24.1505_82.5672,2025-05-26,7.07,2.12,3.33,Block - B coal mine,singrauli
korba_22.1563_82.2724,2025-12-30,19.08,5.73,3.33,Sipat Thermal Power Station,korba
korba_22.0451_82.8891,2025-12-30,13.48,4.06,3.32,,korba
korba_21.7326_82.8763,2025-12-18,14.99,4.51,3.32,,korba
singrauli_24.1428_82.6776,2025-05-21,3.39,1.02,3.32,Dudhichua Mine,singrauli
korba_22.0356_83.3564,2025-05-15,5.58,1.68,3.32,,korba
singrauli_24.1590_82.6717,2025-06-07,4.18,1.26,3.32,Dudhichua Mine,singrauli
korba_21.8323_82.3306,2025-03-12,20.66,6.24,3.31,,korba
korba_22.3173_82.5347,2025-03-14,5.1,1.54,3.31,Dipka Open Cast Mine,korba
korba_21.9221_83.3485,2025-04-06,9.84,2.97,3.31,Jindal Steel Works,korba
korba_22.3570_82.3006,2025-11-09,6.98,2.11,3.31,,korba
korba_21.8489_82.2738,2025-03-02,17.1,5.16,3.31,,korba
korba_22.0356_83.3564,2025-09-05,5.56,1.68,3.31,,korba
korba_22.0048_82.6706,2025-09-06,6.13,1.85,3.31,Prakash Industries Steel Plant,korba
korba_21.8025_82.9678,2025-03-09,16.21,4.89,3.31,,korba
korba_21.7779_83.1822,2025-02-11,13.92,4.22,3.3,AVANTHA BHANDAR TPP,korba
korba_21.8015_82.3859,2025-12-16,18.42,5.58,3.3,AKALTARA TPP,korba
korba_21.9221_83.3485,2025-02-23,9.81,2.97,3.3,Jindal Steel Works,korba
korba_21.9221_83.3485,2025-02-11,9.81,2.97,3.3,Jindal Steel Works,korba
korba_22.3323_82.5337,2025-05-13,3.04,0.92,3.29,Dipka Open Cast Mine,korba
singrauli_24.1505_82.5672,2025-03-11,6.98,2.12,3.29,Block - B coal mine,singrauli
singrauli_24.1641_82.6218,2025-05-03,4.67,1.42,3.29,Nigahi Mine,singrauli
korba_22.0734_82.9234,2025-04-22,16.31,4.96,3.28,,korba
korba_21.9221_83.3485,2025-03-26,9.74,2.97,3.28,Jindal Steel Works,korba
korba_22.0939_83.1194,2025-04-01,4.69,1.43,3.28,Chhal Coal Mine,korba
korba_21.9221_83.3485,2025-11-21,9.73,2.97,3.28,Jindal Steel Works,korba
korba_22.0025_82.4714,2025-02-02,12.64,3.85,3.28,,korba
korba_22.0484_82.6914,2025-12-27,16.93,5.17,3.27,Prakash Industries Steel Plant,korba
korba_21.6960_82.6216,2025-12-17,20.52,6.28,3.27,,korba
korba_22.3173_82.5347,2025-06-05,5.03,1.54,3.27,Dipka Open Cast Mine,korba
korba_21.9221_83.3485,2025-03-06,9.71,2.97,3.27,Jindal Steel Works,korba
korba_22.3570_82.3006,2025-12-19,6.9,2.11,3.27,,korba
punjab_30.6606_75.4051,2025-05-12,20.45,6.25,3.27,,punjab
singrauli_24.1445_82.6350,2025-04-27,4.46,1.37,3.27,Nigahi Mine,singrauli
korba_21.9437_82.8218,2025-01-02,13.39,4.09,3.27,Prakash Industries Steel Plant,korba
korba_21.6688_83.1565,2025-01-18,13.93,4.26,3.27,,korba
korba_22.0356_83.3564,2025-06-05,5.5,1.68,3.27,,korba
punjab_30.4251_75.9966,2025-05-20,18.13,5.54,3.27,,punjab
singrauli_24.1445_82.6350,2025-02-22,4.45,1.37,3.26,Nigahi Mine,singrauli
korba_22.0356_83.3564,2025-05-04,5.47,1.68,3.26,,korba
korba_22.0356_83.3564,2025-05-10,5.47,1.68,3.26,,korba
korba_21.9221_83.3485,2025-05-15,9.67,2.97,3.26,Jindal Steel Works,korba
singrauli_24.2061_82.5251,2025-09-16,2.74,0.84,3.26,,singrauli
korba_22.0048_82.6706,2025-08-11,6.04,1.85,3.26,Prakash Industries Steel Plant,korba
korba_21.9221_83.3485,2025-12-16,9.66,2.97,3.25,Jindal Steel Works,korba
korba_21.7549_82.7770,2025-12-14,17.53,5.39,3.25,,korba
singrauli_24.1428_82.6776,2025-05-18,3.31,1.02,3.25,Dudhichua Mine,singrauli
singrauli_24.1641_82.6218,2025-06-11,4.62,1.42,3.25,Nigahi Mine,singrauli
korba_22.0048_82.6706,2025-08-30,6.02,1.85,3.25,Prakash Industries Steel Plant,korba
punjab_30.6792_75.6794,2025-05-18,14.03,4.32,3.25,,punjab
korba_21.6913_83.1759,2025-12-20,17.48,5.38,3.25,,korba
korba_21.9221_83.3485,2025-05-04,9.64,2.97,3.25,Jindal Steel Works,korba
singrauli_24.1505_82.5672,2025-03-25,6.89,2.12,3.25,Block - B coal mine,singrauli
korba_21.9221_83.3485,2025-04-07,9.62,2.97,3.24,Jindal Steel Works,korba
korba_22.3570_82.3006,2025-12-05,6.83,2.11,3.24,,korba
korba_21.9221_83.3485,2025-02-26,9.61,2.97,3.24,Jindal Steel Works,korba
korba_22.3570_82.3006,2025-06-15,6.84,2.11,3.24,,korba
singrauli_24.1354_82.7423,2025-07-07,3.66,1.13,3.24,Krishnashila Coal Mine,singrauli
punjab_30.7113_75.9159,2025-05-14,22.9,7.08,3.24,,punjab
korba_21.9254_82.3691,2025-12-30,15.78,4.87,3.24,AKALTARA TPP,korba
korba_21.7885_82.8002,2025-03-26,16.59,5.14,3.23,,korba
korba_21.8652_82.3610,2025-12-24,14.58,4.52,3.23,AKALTARA TPP,korba
korba_22.0048_82.6706,2025-01-21,5.97,1.85,3.23,Prakash Industries Steel Plant,korba
korba_22.3173_82.5347,2025-04-02,4.97,1.54,3.23,Dipka Open Cast Mine,korba
korba_22.3289_82.5940,2025-06-05,5.68,1.76,3.23,Gevra Open Cast Mine,korba
singrauli_24.1905_82.5788,2025-06-14,3.09,0.96,3.22,Block - B coal mine,singrauli
jamnagar_22.3306_69.7450,2025-03-24,5.28,1.64,3.22,Vadinar Refinery,jamnagar
korba_22.3570_82.3006,2025-12-07,6.79,2.11,3.22,,korba
korba_21.9272_82.5719,2025-12-18,14.95,4.64,3.22,,korba
korba_21.9221_83.3485,2025-10-17,9.56,2.97,3.22,Jindal Steel Works,korba
korba_22.0060_83.0792,2025-01-20,11.75,3.65,3.22,Chhal Coal Mine,korba
korba_21.9221_83.3485,2025-11-20,9.57,2.97,3.22,Jindal Steel Works,korba
korba_22.3173_82.5347,2025-04-24,4.96,1.54,3.22,Dipka Open Cast Mine,korba
singrauli_24.1505_82.5672,2025-07-08,6.8,2.12,3.21,Block - B coal mine,singrauli
punjab_30.3423_75.8687,2025-10-30,15.94,4.96,3.21,Dhuri Sugar Mill,punjab
korba_22.0418_82.2792,2025-01-18,13.95,4.34,3.21,,korba
korba_22.3173_82.5347,2025-11-20,4.95,1.54,3.21,Dipka Open Cast Mine,korba
korba_22.0060_83.0792,2025-12-26,11.7,3.65,3.21,Chhal Coal Mine,korba
korba_21.9863_82.7428,2025-12-19,15.83,4.93,3.21,Prakash Industries Steel Plant,korba
singrauli_24.1905_82.5788,2025-06-12,3.08,0.96,3.21,Block - B coal mine,singrauli
singrauli_24.1641_82.6218,2025-01-15,4.56,1.42,3.21,Nigahi Mine,singrauli
korba_22.0939_83.1194,2025-11-20,4.59,1.43,3.21,Chhal Coal Mine,korba
korba_21.9844_83.2332,2025-04-10,5.22,1.63,3.2,RAIGARH TPP,korba
korba_22.0356_83.3564,2025-01-25,5.38,1.68,3.2,,korba
korba_21.7044_83.1609,2025-12-17,21.36,6.68,3.2,,korba
korba_22.3570_82.3006,2025-12-29,6.75,2.11,3.2,,korba
singrauli_24.1590_82.6717,2025-08-17,4.03,1.26,3.2,Dudhichua Mine,singrauli
singrauli_24.1505_82.5672,2025-04-02,6.79,2.12,3.2,Block - B coal mine,singrauli
singrauli_24.1505_82.5672,2025-03-02,6.78,2.12,3.2,Block - B coal mine,singrauli
korba_21.9221_83.3485,2025-05-29,9.51,2.97,3.2,Jindal Steel Works,korba
singrauli_24.1505_82.5672,2025-09-28,6.78,2.12,3.2,Block - B coal mine,singrauli
korba_21.9645_82.5848,2025-12-25,15.04,4.7,3.2,,korba
singrauli_24.1302_82.6199,2025-01-26,3.78,1.18,3.2,Nigahi Mine,singrauli
korba_22.0356_83.3564,2025-11-08,5.38,1.68,3.2,,korba
korba_21.9221_83.3485,2025-10-14,9.47,2.97,3.19,Jindal Steel Works,korba
korba_22.3173_82.5347,2025-02-07,4.92,1.54,3.19,Dipka Open Cast Mine,korba
singrauli_24.1641_82.6218,2025-02-21,4.53,1.42,3.19,Nigahi Mine,singrauli
singrauli_24.4494_83.0391,2025-06-25,2.97,0.93,3.19,Cement Factory,singrauli
korba_21.9221_83.3485,2025-12-28,9.48,2.97,3.19,Jindal Steel Works,korba
korba_22.3570_82.3006,2025-03-08,6.72,2.11,3.18,,korba
korba_22.0356_83.3564,2025-04-06,5.34,1.68,3.18,,korba
korba_22.3570_82.3006,2025-03-03,6.7,2.11,3.18,,korba
korba_21.8524_82.7539,2025-12-17,20.1,6.35,3.17,Prakash Industries Steel Plant,korba
korba_21.9035_82.5092,2025-12-26,14.73,4.65,3.17,,korba
korba_21.7788_83.1458,2025-02-15,15.58,4.92,3.17,,korba
korba_22.0649_82.5825,2025-12-28,14.88,4.7,3.17,MARWA TPP,korba
korba_22.0048_82.6706,2025-10-23,5.87,1.85,3.17,Prakash Industries Steel Plant,korba
korba_21.6769_82.9309,2025-01-04,15.2,4.79,3.17,,korba
korba_21.7312_82.2141,2025-06-12,4.25,1.34,3.17,,korba
korba_22.3173_82.5347,2025-05-15,4.86,1.54,3.16,Dipka Open Cast Mine,korba
korba_21.7312_82.2141,2025-06-08,4.24,1.34,3.16,,korba
korba_22.0939_83.1194,2025-05-07,4.52,1.43,3.16,Chhal Coal Mine,korba
punjab_30.6244_75.3995,2025-05-18,14.11,4.47,3.16,Sohal Steel Works,punjab
singrauli_24.1445_82.6350,2025-05-05,4.31,1.37,3.16,Nigahi Mine,singrauli
korba_22.3570_82.3006,2025-05-13,6.67,2.11,3.16,,korba
singrauli_24.1905_82.5788,2025-06-10,3.03,0.96,3.16,Block - B coal mine,singrauli
korba_21.9035_82.5092,2025-12-09,14.66,4.65,3.15,,korba
korba_22.3289_82.5940,2025-06-11,5.55,1.76,3.15,Gevra Open Cast Mine,korba
korba_22.3570_82.3006,2025-03-29,6.65,2.11,3.15,,korba
korba_21.8524_82.7539,2025-12-31,20.01,6.35,3.15,Prakash Industries Steel Plant,korba
singrauli_24.1505_82.5672,2025-03-12,6.67,2.12,3.15,Block - B coal mine,singrauli
korba_21.9221_83.3485,2025-02-07,9.36,2.97,3.15,Jindal Steel Works,korba
korba_22.0356_83.3564,2025-12-18,5.29,1.68,3.15,,korba
korba_22.0356_83.3564,2025-11-07,5.3,1.68,3.15,,korba
singrauli_24.1825_82.6579,2025-10-16,3.59,1.14,3.15,Jayant Mine,singrauli
korba_22.0356_83.3564,2025-02-22,5.28,1.68,3.14,,korba
korba_22.0356_83.3564,2025-06-13,5.28,1.68,3.14,,korba
korba_22.0734_82.9234,2025-06-05,15.61,4.96,3.14,,korba
korba_21.7549_82.7770,2025-06-09,16.9,5.39,3.14,,korba
singrauli_24.1445_82.6350,2025-02-16,4.28,1.37,3.14,Nigahi Mine,singrauli
korba_22.0313_82.5561,2025-12-30,13.38,4.28,3.13,Marwa Thermal Power Plant,korba
korba_22.0227_83.0262,2025-12-31,14.45,4.62,3.13,Vandana Trailor,korba
korba_21.9221_83.3485,2025-11-28,9.3,2.97,3.13,Jindal Steel Works,korba
korba_22.3173_82.5347,2025-01-03,4.82,1.54,3.13,Dipka Open Cast Mine,korba
korba_22.3173_82.5347,2025-04-04,4.82,1.54,3.13,Dipka Open Cast Mine,korba
korba_21.9221_83.3485,2025-03-18,9.3,2.97,3.13,Jindal Steel Works,korba
korba_22.3570_82.3006,2025-05-14,6.61,2.11,3.13,,korba
singrauli_24.1641_82.6218,2025-01-04,4.45,1.42,3.13,Nigahi Mine,singrauli
punjab_30.4089_75.7713,2025-05-15,16.93,5.42,3.12,,punjab
singrauli_24.1905_82.5788,2025-03-18,3.0,0.96,3.12,Block - B coal mine,singrauli
korba_21.7584_82.7010,2025-01-04,18.51,5.94,3.12,,korba
korba_21.9863_82.3815,2025-12-24,15.05,4.83,3.12,Arasmeta Cement Plant,korba
korba_22.1563_82.2724,2025-03-08,17.88,5.73,3.12,Sipat Thermal Power Station,korba
korba_22.0356_83.3564,2025-11-23,5.25,1.68,3.12,,korba
korba_21.9221_83.3485,2025-11-04,9.26,2.97,3.12,Jindal Steel Works,korba
korba_22.0356_83.3564,2025-05-03,5.25,1.68,3.12,,korba
korba_21.6603_83.3688,2025-12-19,15.45,4.96,3.12,,korba
korba_21.8869_83.2194,2025-01-03,13.71,4.4,3.12,Baradarha Power Station,korba
korba_21.6133_82.4474,2025-12-18,16.42,5.26,3.12,,korba
singrauli_24.1641_82.6218,2025-02-03,4.42,1.42,3.11,Nigahi Mine,singrauli
korba_22.3173_82.5347,2025-12-14,4.79,1.54,3.11,Dipka Open Cast Mine,korba
korba_22.3289_82.5940,2025-04-28,5.48,1.76,3.11,Gevra Open Cast Mine,korba
korba_22.3570_82.3006,2025-03-14,6.57,2.11,3.11,,korba
punjab_30.9688_75.4259,2025-05-18,16.18,5.21,3.11,,punjab
korba_22.0769_82.4634,2025-12-08,13.38,4.3,3.11,,korba
singrauli_24.1825_82.6579,2025-06-05,3.54,1.14,3.11,Jayant Mine,singrauli
punjab_30.3423_75.8687,2025-05-04,15.42,4.96,3.11,Dhuri Sugar Mill,punjab
korba_22.0356_83.3564,2025-05-01,5.22,1.68,3.11,,korba
punjab_30.7322_76.0620,2025-05-15,15.85,5.09,3.11,,punjab
singrauli_24.2066_82.7111,2025-02-13,4.13,1.33,3.11,Jhingurdah Mine,singrauli
singrauli_24.1825_82.6579,2025-04-11,3.53,1.14,3.1,Jayant Mine,singrauli
korba_21.9943_82.5461,2025-12-18,13.63,4.4,3.1,,korba
singrauli_24.1641_82.6218,2025-02-10,4.4,1.42,3.1,Nigahi Mine,singrauli
korba_21.7451_82.9774,2025-12-07,17.18,5.55,3.1,,korba
korba_22.3364_82.5534,2025-06-05,2.17,0.7,3.1,Gevra Open Cast Mine,korba
korba_22.0939_83.1194,2025-10-22,4.42,1.43,3.09,Chhal Coal Mine,korba
singrauli_24.1505_82.5672,2025-04-01,6.56,2.12,3.09,Block - B coal mine,singrauli
korba_21.9352_83.2009,2025-02-09,21.31,6.89,3.09,Baradarha Power Station,korba
singrauli_24.1590_82.6717,2025-05-18,3.89,1.26,3.09,Dudhichua Mine,singrauli
korba_21.6502_82.9836,2025-01-16,12.09,3.92,3.08,,korba
korba_21.7070_82.5180,2025-01-02,14.2,4.61,3.08,,korba
korba_21.6708_82.5032,2025-01-26,19.65,6.38,3.08,,korba
korba_22.3289_82.5940,2025-12-22,5.42,1.76,3.08,Gevra Open Cast Mine,korba
singrauli_24.1445_82.6350,2025-01-01,4.21,1.37,3.08,Nigahi Mine,singrauli
korba_21.9035_82.5092,2025-12-31,14.31,4.65,3.08,,korba
korba_22.3289_82.5940,2025-04-29,5.42,1.76,3.08,Gevra Open Cast Mine,korba
korba_22.3173_82.5347,2025-06-09,4.75,1.54,3.08,Dipka Open Cast Mine,korba
korba_22.3173_82.5347,2025-04-22,4.75,1.54,3.08,Dipka Open Cast Mine,korba
korba_22.0048_82.6706,2025-05-14,5.69,1.85,3.08,Prakash Industries Steel Plant,korba
korba_22.0432_82.8063,2025-02-08,15.2,4.94,3.08,Prakash Industries Steel Plant,korba
korba_21.7011_83.0093,2025-03-07,15.36,4.99,3.08,,korba
singrauli_24.1641_82.6218,2025-02-04,4.36,1.42,3.07,Nigahi Mine,singrauli
korba_22.0356_83.3564,2025-11-05,5.15,1.68,3.07,,korba
korba_21.7977_82.6443,2025-12-25,11.93,3.9,3.06,,korba
korba_21.9221_83.3485,2025-05-11,9.08,2.97,3.06,Jindal Steel Works,korba
korba_22.3173_82.5347,2025-12-15,4.71,1.54,3.06,Dipka Open Cast Mine,korba
korba_21.8784_82.6595,2025-12-18,14.3,4.68,3.06,Prakash Industries Steel Plant,korba
korba_22.3289_82.5940,2025-01-28,5.39,1.76,3.06,Gevra Open Cast Mine,korba
korba_21.9221_83.3485,2025-03-03,9.1,2.97,3.06,Jindal Steel Works,korba
singrauli_24.1825_82.6579,2025-04-08,3.49,1.14,3.06,Jayant Mine,singrauli
korba_22.1448_82.5668,2025-01-21,14.74,4.82,3.06,Marwa Thermal Power Plant,korba
korba_22.0356_83.3564,2025-12-03,5.14,1.68,3.06,,korba
korba_22.0481_82.5211,2025-12-23,11.87,3.89,3.05,,korba
korba_22.0221_83.3796,2025-05-10,3.97,1.3,3.05,,korba
korba_22.3289_82.5940,2025-12-27,5.37,1.76,3.05,Gevra Open Cast Mine,korba
korba_21.7549_82.7770,2025-12-18,16.45,5.39,3.05,,korba
singrauli_24.1445_82.6350,2025-02-20,4.17,1.37,3.05,Nigahi Mine,singrauli
korba_21.7011_83.0093,2025-01-03,15.19,4.99,3.04,,korba
korba_21.7353_82.6594,2025-03-27,14.42,4.75,3.04,,korba
korba_22.3225_82.6744,2025-08-29,2.58,0.85,3.04,Kusmunda Open Cast Mine,korba
korba_22.3173_82.5347,2025-03-11,4.68,1.54,3.04,Dipka Open Cast Mine,korba
korba_22.3173_82.5347,2025-05-02,4.68,1.54,3.04,Dipka Open Cast Mine,korba
korba_21.9221_83.3485,2025-02-21,9.02,2.97,3.04,Jindal Steel Works,korba
korba_21.7782_82.5451,2025-06-09,15.24,5.01,3.04,,korba
korba_22.0313_82.5561,2025-12-21,13.01,4.28,3.04,Marwa Thermal Power Plant,korba
korba_21.9437_82.8218,2025-12-27,12.45,4.09,3.04,Prakash Industries Steel Plant,korba
punjab_30.7631_75.3168,2025-05-13,19.96,6.58,3.03,Grandfather Food Processing,punjab
korba_21.7326_82.8763,2025-12-16,13.7,4.51,3.03,,korba
korba_21.7904_83.3006,2025-12-14,10.86,3.58,3.03,Adani Korba West power station,korba
korba_21.7011_83.0093,2025-03-08,15.14,4.99,3.03,,korba
singrauli_24.1505_82.5672,2025-03-15,6.43,2.12,3.03,Block - B coal mine,singrauli
korba_21.7011_83.0093,2025-06-03,15.05,4.99,3.02,,korba
singrauli_24.2066_82.7111,2025-03-09,4.02,1.33,3.02,Jhingurdah Mine,singrauli
korba_22.0048_82.6706,2025-06-15,5.58,1.85,3.02,Prakash Industries Steel Plant,korba
korba_21.6717_82.6601,2025-01-27,17.31,5.73,3.02,,korba
korba_22.0356_83.3564,2025-04-10,5.08,1.68,3.02,,korba
singrauli_24.1590_82.6717,2025-05-20,3.81,1.26,3.02,Dudhichua Mine,singrauli
korba_22.0179_82.2986,2025-04-06,15.68,5.19,3.02,,korba
korba_21.6761_83.0119,2025-01-23,20.2,6.68,3.02,,korba
korba_21.7779_83.1822,2025-01-02,12.76,4.22,3.02,AVANTHA BHANDAR TPP,korba
korba_22.0188_83.3386,2025-03-15,2.99,0.99,3.02,,korba
korba_21.9221_83.3485,2025-05-23,8.93,2.97,3.01,Jindal Steel Works,korba
korba_22.3289_82.5940,2025-05-02,5.3,1.76,3.01,Gevra Open Cast Mine,korba
korba_22.0060_83.0792,2025-01-26,10.98,3.65,3.01,Chhal Coal Mine,korba
korba_22.0939_83.1194,2025-11-18,4.31,1.43,3.01,Chhal Coal Mine,korba
korba_21.8015_82.3859,2025-12-08,16.79,5.58,3.01,AKALTARA TPP,korba
korba_21.8652_82.3610,2025-01-07,13.62,4.52,3.01,AKALTARA TPP,korba
korba_21.9586_82.9103,2025-12-17,12.92,4.3,3.0,,korba
korba_21.8688_83.1417,2025-12-24,12.5,4.16,3.0,UCHPINDA TPP,korba
